read_id,alignment_len,M,X,D,I,M_CG,X_CG,D_CG,I_CG,mapq
0032b710-1df3-489c-9aac-b7e5c99aab50,5801,5621,54,80,46,334,2,0,1,60
00d3e889-f989-4979-85ba-db679e3d61d9,0,0,0,0,0,0,0,0,0,0
01d56d5f-43c3-4210-9461-174c89d3fa6e,1555,1249,56,210,40,31,2,0,0,60
02014427-05c3-4421-9f84-7a3960ba98d4,1544,1482,26,17,19,110,1,0,1,60
02266f0c-21ba-46c0-b143-7f6a87e93fcc,4773,4468,116,107,82,319,3,1,0,60
0289f810-76f4-49f9-b96f-e3740a74751b,407,367,7,25,8,26,1,0,0,60
02fa1576-9e17-4835-95a6-53166f6aa236,931,920,3,4,4,16,2,0,0,60
030bb1f2-5202-4453-ace4-96fa7b265379,2546,2362,65,77,42,190,0,2,2,60
03127374-dcf9-41a7-8d9e-0a15d8167116,449,404,18,22,5,30,0,0,0,60
031a4f7e-afda-4c5d-bd06-08d85fa65b58,4092,3855,88,78,71,227,1,0,0,60
0325655f-2d1a-4b1e-9f4a-1170a8137b5d,1483,1364,64,33,22,90,10,1,0,60
03bb9eff-0de9-46fc-b2fb-f4ddcb0c73f9,1297,1193,56,31,17,79,5,1,0,60
0418b7a4-f4b5-4afa-af14-0365dd01fcd0,21175,20616,146,252,161,1422,3,6,1,60
04520ead-18c0-484a-89ee-1f45e75f737d,708,673,15,14,6,41,1,1,0,60
0484b269-3610-48ee-8ac0-fbc4b831719a,1112,1075,14,12,11,81,0,0,0,60
04dbe21c-99e6-4f2c-acb3-6de6740b7d36,4417,4257,60,66,34,318,5,2,2,60
055761c6-5ea4-4de8-ac40-326eafa41d75,2650,2515,50,55,30,183,1,2,0,60
057cf8a1-98a7-487f-9e5b-353ba3ee95cf,1271,1216,20,20,15,89,3,0,2,60
058e8940-bca0-47cc-836b-91ad0f4e2ce3,4410,4244,56,68,42,305,8,4,0,60
05fea5b1-ee7e-4d6a-b977-3dd8389fba6c,736,713,9,8,6,18,3,0,0,60
06045682-ce54-4dae-adf5-d675a4dfd86d,832,783,22,16,11,30,3,0,1,60
0606bae5-65d4-44e3-891c-2d9e408b8230,941,898,11,29,3,72,0,1,0,60
06a41a69-04ab-4039-82f3-5da61e837b3f,794,771,6,10,7,32,0,0,0,60
072f780c-a42f-4ed2-b733-bb9cb52f9e11,1924,1782,66,46,30,146,9,1,0,60
0740b324-7a2c-4060-8809-d73af9bfe285,1592,1554,16,9,13,135,2,0,0,60
07618c34-6f28-454b-80ef-089ea93c2bfc,422,405,5,11,1,41,0,0,0,60
07651175-8aae-423f-91e5-a9711dc6914d,1143,1081,27,19,16,57,1,0,1,60
076c045a-dcb3-4219-9f61-c3a98f60eff9,1118,869,83,104,62,77,5,4,1,60
077bbe1d-1566-44a6-9d87-0015cd26be77,4773,4601,68,61,43,330,2,1,2,60
07f5041e-09da-40ff-89bd-2d350744850b,5254,4611,269,216,158,253,13,2,3,60
084cbe31-83f1-4b40-94a5-b69b6d19d91d,2179,2110,23,26,20,151,1,0,0,60
08560c47-45ca-405d-8d62-5ca3ba690cd1,3006,2904,44,36,22,193,7,1,2,60
085a8828-2099-451e-88c2-29084469737e,742,588,68,39,47,8,1,0,0,60
0889aa57-3486-4bbb-9e19-c6eac4ef8700,793,746,20,17,10,62,1,0,0,60
08a84718-a53a-479c-8232-ea082f0e33f3,2519,2456,19,36,8,190,5,1,0,60
091f1995-ea13-4b3d-968d-b7733f768c36,2656,2490,63,58,45,184,2,0,0,60
0963f2f3-ac99-4544-8837-e2366196707a,1378,1177,69,92,40,86,2,1,2,60
09774a95-7c9a-4098-9a1e-25e0bfd273e2,9048,8452,212,220,164,619,7,5,5,60
0979a993-ba7c-4312-b86e-0b91a2d97e53,1265,1212,26,14,13,94,2,0,0,60
098acd38-eded-4612-8359-69d6d294957e,418,383,15,10,10,32,3,1,1,60
098d306f-614b-4505-987b-78b78f2b85b1,638,587,16,20,15,35,0,0,0,60
0a343a56-fa91-43ca-85d0-5f502b9c5170,2405,2209,82,83,31,120,7,1,0,60
0a3b3485-1b0b-486d-9fdd-35e878cfd1d2,1386,1315,33,25,13,98,1,2,0,60
0a66216b-0b3d-4ce0-87ce-59387cf32186,2750,2594,56,62,38,213,11,1,3,60
0a90498f-85df-4868-a5d2-1c249f6b8ee0,2211,2118,22,39,32,171,1,0,0,60
0aa4917e-f2af-412d-a8f6-09319278e002,1357,1278,20,35,24,79,1,1,0,60
0ad5a0b0-d144-4531-9eee-5cc5a76dce92,2669,2573,31,28,37,226,6,0,1,60
0b04a15a-6ede-4495-8710-3a6a8ff40447,1740,1673,21,30,16,71,1,0,0,60
0b812520-215b-4fbe-9e1a-cdaf4b96b7c8,894,800,35,38,21,14,2,0,0,60
0b9585a9-a5ca-4d76-ab0a-87efb9ec10de,734,704,13,13,4,17,1,0,1,60
0c01f7ae-c8d9-4224-b6ae-2145c408ae4e,3950,3773,52,83,42,326,1,2,0,60
0c3f208e-b57a-470c-a20c-fb9e48a3c2f5,576,541,15,9,11,31,1,0,1,60
0c6c40f5-5d12-4f4d-93dc-2816dbf2f127,4250,4111,58,55,26,268,1,1,0,60
0d105060-eb6e-4331-8cbb-164ed7ced139,1259,1208,17,18,16,87,4,0,1,60
0d159e25-7190-44af-a820-54fffdebefc3,2098,1993,39,41,25,174,3,2,0,60
0dbb0929-36fd-4bea-999e-03bf8e9f23b0,463,438,9,13,3,23,0,0,0,60
0e0be1c4-93b9-4fc6-9e09-a7abd2248513,724,676,17,23,8,45,1,0,0,60
0e387185-2f29-4c74-a12c-6b2f35665bd8,1019,914,43,43,19,45,0,3,0,60
0e4991ef-fac3-4c93-87da-dbbab570f580,1584,1485,38,38,23,62,5,0,0,60
0e5f5b19-19b2-4e7a-acb9-31d215d39419,948,922,10,9,7,45,0,1,0,60
0ee27b1d-8809-423b-b9c3-c58c6f0717ed,6121,5843,90,102,86,430,10,3,1,60
0ef0c58c-a769-49e5-9646-6f1fe1e19243,1375,1287,28,37,23,106,1,2,0,60
0ef2fc80-16da-44fe-8252-d31b14a827e3,2071,2038,8,12,13,45,0,0,1,60
0f61e12e-540c-471b-b550-9f050ae6fb21,0,0,0,0,0,0,0,0,0,0
0fac48e2-f7ba-4332-86bd-fd73f20615de,264,242,15,4,3,18,0,0,0,60
10e01f32-9cde-4097-8631-e5144c1355c9,2136,2042,29,43,22,142,4,4,1,60
10ecfc8f-7011-428b-8098-124e4299c02b,4571,3990,156,318,107,221,12,9,3,60
1127d93c-585a-4b45-a10f-79e85de2570b,714,677,9,18,10,48,0,2,0,60
11c69c2e-06a6-4b07-bf2c-f8bb7ba79079,18514,17444,356,453,261,1301,49,14,3,60
11e1fb65-8c2a-4f91-89e1-4e9ab0df0ed0,1813,1750,25,25,13,47,1,0,0,60
12171636-9de9-4e8f-80d7-1e5213585a7b,1127,1083,10,18,16,51,0,0,1,60
124c11c8-773d-4385-82cd-b048eac2c6bf,4351,3832,198,191,130,255,7,5,2,60
12614ee0-a222-481b-94d7-5f352050f0fb,1888,1559,97,135,97,97,12,7,3,60
1348fe24-0de1-4dc7-95bd-19c85f3c2620,746,649,43,36,18,35,0,0,0,60
13561121-171b-410c-9040-3c1b0915a304,1372,1317,21,16,18,107,0,0,0,60
13dac93d-0ca6-4e47-93bc-69817b8bb737,407,384,8,9,6,23,1,0,0,60
13e6f4fc-f6a9-43f9-8d37-15184264f29f,1861,1778,34,29,20,104,7,1,0,60
13f4caa2-8edf-4d0c-bc21-544c9f2404f4,1531,1463,20,31,17,110,1,0,2,60
14014d59-f27a-4b62-9edc-37dcfae35233,1773,1677,33,36,27,107,3,0,0,60
148ee13b-6d74-4424-89ef-64e71e9ebdd6,862,785,10,59,8,52,0,0,0,60
15286f2c-85f3-4c68-b91d-7abd890245d6,8180,7872,96,131,81,223,0,2,0,60
152f7867-82a6-42e4-8c87-64fa29b1a715,16734,15922,288,324,200,966,9,6,3,60
1577306f-2a73-4d99-8946-66d53ac8f146,3425,3257,53,62,53,269,0,3,1,60
15a40d2a-3a79-4d97-bbfb-5e6c6b1d991e,2420,2295,50,34,41,177,1,1,0,60
15b61258-1fff-4912-9ba9-4c93a6bdc56f,0,0,0,0,0,0,0,0,0,0
161a8dca-8afb-4d8f-a055-9d4a3bf2bb07,1491,1448,23,13,7,110,2,1,0,60
173f6e14-7495-45c0-8a15-ebdbccd9ae00,591,549,16,17,9,31,0,0,0,60
1859136b-9d9e-4ad3-9800-a8d553c2d1b5,2190,2019,59,76,36,153,3,3,0,60
189125a4-d22a-4811-830d-012e329b1643,2224,2062,57,73,32,121,7,1,0,60
18b076aa-1a6c-4b1e-b3a0-027a8c7bb4da,2503,2380,40,62,21,151,4,0,0,60
195d1a50-51b3-476e-acda-5bdde6158881,4081,3695,143,133,110,217,10,2,1,60
196cc6f3-c1ec-4149-bd9f-dc1f93731550,2250,2154,26,55,15,132,1,3,0,60
1a0a6d75-1ef4-4453-a451-f3da134fe6fc,1319,1244,20,30,25,119,0,1,1,60
1a21d6cf-823e-4b67-803f-e03d600e6e0d,1342,1261,40,26,15,43,1,0,1,60
1a610eb5-db23-4286-9779-1008a5c33b84,6634,6352,76,144,62,522,8,6,4,60
1ad994a1-f95e-40ea-bb5a-e15107b04107,2560,2442,45,51,22,219,1,1,0,60
1af5f25a-0fea-4e44-a390-557883fd79e4,377,362,5,2,8,26,0,1,0,60
1b1b2a7f-f563-4954-9860-a6caf317f479,0,0,0,0,0,0,0,0,0,0
1b4cbe7f-da5d-4cb6-b7d6-f82fc751f0cd,1006,950,19,16,21,61,0,0,1,60
1bce75f5-a01b-42e5-9e40-7869a355d550,2000,1943,25,18,14,126,3,0,0,60
1bf0b370-fd86-4008-9f6a-866dadf3e0e5,1626,1567,25,19,15,138,7,0,1,60
1c014195-7674-4fe8-bc74-2399b347b230,1452,1413,14,21,4,35,1,0,0,60
1c5bf633-fc0a-40f3-bf65-ea1274517f15,0,0,0,0,0,0,0,0,0,0
1c83ae8d-f52c-4966-ae23-59787afd09a6,1381,1302,26,37,16,82,0,1,0,60
1cceff70-1982-4e23-b94b-e19e52af18d4,3913,3769,44,65,35,382,1,1,1,60
1d5f3a48-5a5b-4de6-be35-88da0f8e7bb5,1176,1070,47,43,16,81,1,0,1,60
1d8d592c-c720-4a84-80f0-bf934af35a9e,836,812,11,3,10,48,2,0,1,60
1dd483ed-3d82-422a-adc6-4c6e4e03840c,1410,1360,22,22,6,122,1,0,0,60
1ddd0f57-211c-4f03-93a4-c8c267bb23d8,3469,3297,67,76,29,261,5,7,1,60
1e00f47c-79c3-45a6-953f-bf52948115c9,1054,973,26,37,18,78,1,1,1,60
1e0272e8-ee85-4d27-b322-0a9821cf2e85,3184,2815,92,182,95,192,2,6,4,60
1e1abaa4-565f-4352-92f7-eca864cff059,4828,4506,106,132,84,402,3,1,1,60
1e848e1e-102c-42d3-9cc5-6e1e21e657a5,1274,1231,20,14,9,84,2,1,0,60
1f0d4545-9398-471d-82dc-bbeca095dddb,2725,2528,66,81,50,154,8,3,2,60
1f93f3ff-d149-4b56-8f86-85acbae1c43c,1345,1296,23,16,10,99,0,0,0,60
1f94f149-6e28-4972-8811-3307b3b3373a,994,887,48,28,31,32,0,1,1,60
2067ca3a-0632-45a0-865e-f5b203dd22aa,10581,9853,277,272,179,600,5,3,1,60
207887a6-722b-428c-a4b7-2cc43d2e4214,1291,1213,25,30,23,111,3,0,1,60
20e6727a-9537-4eb4-86c1-43d9256f8ac9,1868,1756,26,48,38,116,0,1,2,60
20e97644-cff5-40ce-a8ea-c82ea98d9d07,288,277,1,8,2,13,0,0,0,53
221a3d1a-9b12-4ae8-a59b-9dcf5c21075e,1985,1874,49,37,25,154,8,1,1,60
224062a0-9dd1-4724-a5c0-3c8b860573dc,2140,2036,66,19,19,78,0,0,0,60
22d97f83-06ee-44b0-bb47-bae6e39cc400,1874,1789,37,28,20,117,5,2,0,60
22f60087-6d09-49ba-9f58-3e672e30b1d8,1030,896,58,39,37,47,0,1,2,60
241a16d5-edaa-428e-8adf-4a36a04597cc,2494,2082,113,196,103,142,4,11,3,60
24667e85-6740-48ce-86c4-37c926ec0c74,32696,31572,364,464,296,2496,10,9,5,60
246dc240-e479-428b-8206-c142ba5c69d2,1678,1625,16,26,11,121,5,0,0,60
246eaf12-e141-4f51-91c6-03f13e85bf03,1093,1044,10,27,12,61,2,1,0,60
249d806a-be2b-4a30-a27a-5e685fe3f62d,1058,1034,12,7,5,97,1,0,0,60
2534b37d-50f2-4265-ba62-7eeb7b40c177,1486,1399,27,51,9,105,0,1,0,60
25c210ff-0c2b-4b16-bd25-43863f6eb9dd,437,424,4,5,4,28,1,0,1,60
25e7e55b-5fca-4bc8-af4c-8ffea59b8af5,924,903,9,3,9,60,0,0,0,60
25f2a1b3-95ca-419c-9733-9653c2568536,307,288,6,5,8,18,0,0,0,60
270f3188-a3e4-42c3-9ea5-e596cea17e52,1011,914,56,26,15,66,7,2,1,60
27442ee5-eff3-4631-b7f9-350be6cfc604,3616,2501,509,348,258,177,18,7,6,53
2752d31f-f075-43c6-b5e6-99443966b8fb,1301,1241,22,26,12,67,0,0,0,60
27543315-5ef0-4e3d-ba6b-11da0289a0ef,191,177,3,5,6,14,1,2,0,60
27551d94-45ca-456f-a823-13de76ed0f49,1005,924,24,26,31,58,1,0,1,51
275e3f30-6a68-4643-8864-9260af8b0617,1426,1379,13,19,15,87,0,2,0,25
2793a3ee-c3a8-428b-9fd1-308cfe9cfa11,0,0,0,0,0,0,0,0,0,0
2845d18f-2e5b-4b8b-a94a-a9be0f6965dd,1902,1716,64,88,34,136,6,3,0,60
28889b4d-d0fb-4463-afb3-d05168dd6ae4,1112,1012,13,73,14,106,3,2,3,60
28c48e3b-4209-4469-8570-64ee35d22e72,1636,1550,30,37,19,136,1,0,0,60
28d09ca2-bd2e-403c-9764-ec4ac5569fb6,953,931,6,11,5,87,0,2,0,60
28d6ff0d-f752-4478-b0d4-476e90ccb9fa,1967,1829,52,60,26,151,4,1,1,60
292042f1-f16d-46e9-97ca-186d81b463b8,2734,2644,26,36,28,197,3,0,2,60
294501dd-2735-44cf-ad5c-d96351687347,0,0,0,0,0,0,0,0,0,0
29460d2e-aae6-4956-8d73-0aaa244f25ae,1362,1292,25,30,15,85,0,0,1,16
295d03f8-de83-4fe7-82b8-faca42be9abf,3950,3753,67,89,41,306,4,2,0,60
29615458-2853-4897-97e8-d8bb4fc427ef,2594,2517,23,35,19,143,0,0,0,60
29f9c597-f4b2-413a-be53-cd8cc2de5d0f,1852,1811,12,14,15,118,0,1,0,60
2a1e358c-737d-481c-a566-275731451a38,409,397,4,5,3,30,0,0,0,60
2a546cb3-bb5b-478a-a777-cf8be8cb160d,3138,2980,59,58,41,219,6,4,2,60
2a664080-cb0b-4c6b-8beb-435b04b6d36b,4881,4676,61,66,78,211,6,0,1,60
2a8d557b-bf8b-4a89-9c66-ad7a8a717d27,1661,1582,40,24,15,139,2,0,0,60
2ae919e3-1f89-43fb-b60f-4ae4e8dbf556,1691,1624,30,22,15,156,4,1,1,60
2c0a6d48-26ef-4e6a-b041-503cdf725835,2011,1883,38,64,26,118,1,0,4,60
2c8cdc15-8038-49e4-8826-4de2b177f6fb,5362,5105,104,74,79,364,2,3,1,60
2c98c5f7-745e-4c75-970c-e2ba55d4cfd3,330,307,6,15,2,19,1,0,0,60
2cb0b677-93f0-43ce-a75b-0e6584bb79f6,5385,5047,136,116,86,379,11,3,2,60
2cb6dd5d-88e1-481c-9754-c98b173d3ccf,2048,1925,57,43,23,117,1,1,1,60
2d378fa7-737b-4ab1-883a-525930c57c13,0,0,0,0,0,0,0,0,0,0
2d68ba7d-e93c-4948-a24e-4f4f54b6cbdf,226,209,3,11,3,6,1,0,0,60
2d702a6e-6660-4fc8-9155-5e44108067a0,9267,8468,307,276,216,587,37,8,9,60
2da2e3a7-8284-4921-82f0-8eeb4e462123,2318,2190,34,52,42,133,0,1,1,60
2de6fcdb-a4b0-445c-ab62-b1580d37417f,998,965,5,14,14,65,1,1,1,60
2e23ae36-25cd-4281-97a5-81b0e0bd6198,1583,1434,65,38,46,104,9,0,1,60
2e86515a-dfa6-4308-8e9c-ae9c2b774b09,362,341,6,9,6,19,0,0,0,60
2ebb917b-fe34-4ccb-833d-46207247dd68,4910,4730,75,51,54,416,18,2,1,60
2ed36376-1d60-49ff-bdbf-3bbb5cf8a2c8,2154,2096,21,7,30,158,7,0,0,60
2f12ba52-d601-4ada-81f6-0daadd514f55,1407,1025,145,171,66,40,17,4,1,60
2f3232b5-5fd6-4207-9632-f8b34f7e6d0f,1912,1865,22,12,13,143,3,1,0,60
2f657b93-8a60-4845-ad05-7c64940b51df,2269,2087,56,72,54,142,9,1,1,60
2fc53d82-4f6f-4b3b-afd6-b04309aacb37,491,472,6,8,5,36,1,0,0,60
2fd2c713-099f-4ea0-ad85-eef1e6e4c0d6,3334,3130,74,76,54,238,2,4,0,60
303fc878-20ab-4378-ba1e-9b4b723c15dc,1224,1179,12,17,16,25,0,0,0,60
30496a84-671a-4244-9041-836aff021522,1647,1400,123,75,49,96,3,2,1,60
30a87b71-dd99-40bf-bedd-6ed6aae823de,19638,13196,1496,4280,666,846,117,65,44,60
31091362-d2fc-46cc-9169-8daf355e978c,3445,3322,35,56,32,217,4,1,2,60
31308d5d-8884-4d59-9a97-3c7a38305524,1967,1909,19,21,18,174,4,1,0,60
3146a3f9-d101-44be-981b-52d1be2d28f3,0,0,0,0,0,0,0,0,0,0
3154bc16-efc9-4378-9487-5d47fb794c00,0,0,0,0,0,0,0,0,0,0
319fbf70-23af-4624-99e9-656b2edea104,2324,2197,69,42,16,86,0,0,0,60
31c9f1cc-c24a-472c-ab6e-d01479a85653,336,296,16,17,7,24,1,0,0,60
31e1fcee-5a55-40dc-a3fc-ea0f6f5916a3,869,802,23,31,13,60,0,0,1,60
31e8e54a-a649-4dfb-852c-b40176c7ad88,1621,1535,24,41,21,83,0,0,0,60
3290684b-7065-4297-9d6e-6fdde85754f3,3169,3028,52,53,36,226,11,4,2,60
32ccafd0-1290-4934-90f6-578c4e80cbbe,465,440,9,10,6,16,0,0,0,60
32f5842d-f5a4-438c-b531-b34cc0e3bf5a,378,353,12,8,5,25,0,0,1,60
33155e44-f91c-49eb-b55b-0e9cfdd61962,0,0,0,0,0,0,0,0,0,0
331ba2c1-899a-4d17-bfb0-38b4caec1186,1674,1576,41,32,25,85,8,1,2,60
332372ae-3fb6-4465-aea2-3989ceefbeda,8262,8021,93,97,51,634,20,7,3,60
334399f9-a968-4adb-af49-0eb772e93fb7,796,758,14,7,17,51,3,0,0,60
33cfec27-47c6-49ce-8312-e8122e4f8612,1608,1513,26,52,17,108,4,2,1,60
341e09d3-ef11-4a32-af46-ba92d04f79ce,0,0,0,0,0,0,0,0,0,0
34e718fe-0aa7-4d07-8187-04153256ce53,1582,1465,36,36,45,74,1,2,0,60
3549453a-36ac-499b-a3f1-1f077f88c518,1120,1038,29,33,20,55,1,1,0,60
354c7799-0d36-4fef-9b5f-c7fc144c760f,1921,1800,47,50,24,115,1,1,0,60
356f3b8e-e3b6-4125-adb2-96a5b4183278,1092,1007,30,43,12,98,0,1,0,60
35b4c3d3-6e16-4b6b-82cf-e3ce84ec9bfe,0,0,0,0,0,0,0,0,0,0
361634d6-894e-44fe-82aa-03657d82b1b0,3739,3495,102,95,47,234,1,1,1,60
36a4764c-416c-41b7-b8db-dde41e33824a,1984,1902,40,26,16,133,8,0,0,60
375238a0-a438-492d-aee5-55eb5c2be2e2,2010,1896,40,47,27,146,0,1,0,60
376bd300-03c5-4fef-9132-e14b2ce697d5,2448,2325,37,63,23,187,3,0,0,60
37a8ec00-e779-4221-baa5-acf828bfe972,1888,1819,38,11,20,115,5,0,1,60
37eb061d-005b-4ef7-aa0d-2ab2cd3c6f3e,694,656,13,13,12,61,1,0,0,60
38029605-9941-4593-8606-18a4c7801e63,840,801,14,19,6,33,2,0,0,60
38274815-734f-4e3a-aa1b-8dc54eb1a3b1,1129,1087,12,20,10,76,1,1,0,60
382c1f1c-9865-4903-b60b-fd6a3a688617,1910,1822,21,37,30,146,3,4,0,60
3860b91e-6acb-47a3-810b-fddc42fd941f,1033,974,30,14,15,63,2,0,0,60
3898b1d9-a04e-4b71-81f6-c87e50e6fa38,1826,1782,14,19,11,134,5,1,0,60
38a2a805-f267-4523-956e-57380f76b731,1810,1648,78,55,29,73,6,3,1,60
38b4de36-b4ac-46de-b5dd-2f0f9bb01453,326,312,6,6,2,21,2,0,0,60
38d91d47-b468-4aac-aeaa-0077b0b77661,11466,10272,453,447,294,442,18,3,3,60
391516d9-d994-461a-834d-472637310006,1501,1435,15,25,26,72,0,0,1,60
39594814-55c1-4ec9-b913-16f21cb89eef,0,0,0,0,0,0,0,0,0,0
3977ef99-2725-4377-80c8-8231fb67a5fc,1593,1527,17,35,14,118,0,0,1,60
3a064449-1d23-4cb0-a0ee-569cb768cf2f,1549,1484,23,28,14,48,3,0,0,60
3a1ab57b-07a3-4899-a324-a68d0b2a4979,3381,3219,62,60,40,215,9,3,2,60
3a76cae5-7b24-44c0-b49a-fc636ff66cf5,1499,1436,14,31,18,131,0,0,0,60
3aab5f79-12e8-4cf4-9eb2-450aa5ad2a72,221,219,2,0,0,16,0,0,0,60
3aae0608-1ca1-4b96-927b-afb8e0d441a1,477,416,25,17,19,35,1,0,0,60
3acaf48d-1ffb-4a94-bd61-28eb70650826,7401,7114,114,101,72,562,14,4,2,60
3add94b5-0147-4b78-9804-4971d912b270,2871,2198,305,250,118,117,11,4,6,60
3b65ad52-8637-41ba-b405-8bbc8bc0ed11,0,0,0,0,0,0,0,0,0,0
3b8f5369-e9fd-47d2-9ad3-a97e79f68e06,503,467,17,8,11,30,2,0,0,60
3baa17c7-a739-42bd-a50d-27ba3676f416,1861,1808,16,22,15,160,2,0,0,60
3bc1779c-77cf-4d02-b80f-bff2e0a88ca5,545,517,5,17,6,34,0,0,0,60
3ce223e7-1653-489c-b16b-4f7b6915138f,9245,8847,132,171,95,765,4,4,3,60
3d089dff-0deb-44d1-b43d-5ae8ef6d489b,568,541,11,8,8,39,0,0,0,60
3d36326d-76c3-40a8-b357-5d20d23e2419,0,0,0,0,0,0,0,0,0,0
3d4b9bf9-07f2-41d3-9ea1-91577391262d,1809,1751,20,19,19,143,3,1,0,60
3dd0eaf8-0d23-4325-93fc-9a5605d656da,2597,2499,30,31,37,59,1,0,1,60
3e0f53e9-9e9b-48db-b28c-d6a33f925ce3,4748,4478,137,81,52,377,3,2,0,60
3e1993a3-c1f1-436b-bf2f-6d2bf33011b3,6756,6498,98,92,68,433,15,5,2,60
3e279528-ba34-49b6-9325-60e862c81200,4693,4139,225,218,111,286,10,6,0,60
3e50cb7a-0b4c-4818-9fb6-004f9e21132e,2697,2618,28,31,20,215,3,1,0,60
3e6974db-6e83-49ea-a2d8-2f59f297c18c,2919,2786,49,54,30,208,4,3,1,60
3e822d7b-85d3-466e-b60f-1430df12c49c,2534,2303,92,83,56,189,14,3,3,60
3eb641e1-1698-4a2c-b03c-046df9d0d0b5,2909,2799,54,29,27,191,9,1,0,60
3ec5d3ce-dc36-49b4-a16b-4a8da2e8e94a,1033,954,21,44,14,74,1,1,0,60
3f683d70-2fc6-4acb-8d08-231346934a02,1793,1675,42,47,29,110,3,0,1,60
40262b5e-ae92-4adc-bd30-5d97a21e5e65,1360,1307,24,22,7,95,2,0,1,60
4098017b-3718-49b3-8273-b890bdfd598b,34576,33051,479,614,432,2222,11,9,4,60
40cb87b1-325b-4352-b577-e973f25a99f3,1355,1289,23,32,11,119,1,1,1,60
41e2aba8-fb91-4688-b14e-85047bfcdf58,1358,1241,45,44,28,118,6,0,1,60
42005cf7-704c-4e46-a12c-ae22a9f9725a,2714,2584,46,42,42,159,3,1,1,60
4215a107-1579-49fc-952e-c8a0b7a5f9dd,182,156,7,10,9,5,0,0,0,41
42508a7f-a271-4b06-8318-f6e104f6b5d8,3047,2957,27,41,22,233,1,2,0,60
427ae6dc-8227-497d-9c19-eba20b258b54,3094,2980,38,52,24,234,4,0,0,60
42b21d73-9ff2-49df-9dac-a6774d0984ff,3058,2889,59,79,31,174,1,1,1,60
435446e1-be37-43e4-b1d4-e9d146d5291e,1577,1472,36,40,29,32,0,1,0,60
43a00492-6c43-4f50-a6d7-d4a3bdd500cb,0,0,0,0,0,0,0,0,0,0
43cfefcd-72ef-48b2-bd51-cecbff41ba9d,460,453,1,6,0,29,0,0,0,60
43ed977f-e456-4ad3-95e7-556e5107fbc9,726,655,35,14,22,40,1,1,0,60
44b482c2-7468-4092-a30b-40a6547b6ee4,740,687,23,16,14,15,1,0,0,60
45cb7e46-c24c-4f32-bae5-d4bebe9142ea,3625,3448,60,62,55,341,4,3,1,60
468474f7-93d5-48d1-be09-63bbeca300ed,2904,2263,295,212,134,124,16,4,3,60
47023e7b-c4dc-4087-b4be-be7621df4c61,1306,1258,14,16,18,82,2,0,1,60
47060ed6-f9d7-42e8-8c2d-a0efef8d97ae,4185,3966,89,77,53,275,1,0,0,60
473ce641-7a60-4393-b075-9b60ad04c38c,256,243,6,4,3,9,0,0,0,60
478a96f1-03d8-4f12-9f5c-03c7e6d7e3dd,2028,1923,35,46,24,101,3,0,1,60
47d9ebd9-7919-49cb-a073-3de9d8c226cf,1933,1750,86,49,48,96,4,1,3,60
481ff8a9-e8cc-4ff9-b5f1-2011fab8358d,2916,2794,48,54,20,242,10,2,2,60
4839b13e-79b9-417d-9cb5-3ccba3a42ad5,2740,2573,68,62,37,187,1,0,1,60
48c15987-d89e-459e-be86-c720bd94eedf,4086,3815,92,113,66,237,10,1,1,60
48f86b53-84d6-4e92-8dce-53afe091516d,2776,2642,50,53,31,200,9,3,0,60
49d67fd7-3ca8-4ba1-9fe7-faf2a1022a4e,1442,1364,15,55,8,110,3,3,0,60
49dd5276-ea53-48ff-b7e0-7b7e60fe7765,1162,1110,27,11,14,66,0,0,0,60
49fde55a-6153-4120-bea5-297476558b90,1464,1321,46,69,28,95,3,3,2,60
4a0c7dc4-c60a-4951-af51-b3ab9669c37a,0,0,0,0,0,0,0,0,0,0
4a1f1cd2-5e21-48af-bb7c-14969f5b33f3,9453,8870,235,226,122,581,25,5,7,60
4a2f2f45-05f8-4f21-bd50-cb99c35324df,1188,928,63,170,27,80,3,5,1,60
4a3f1d07-97c5-41d0-a265-c528f0e35e33,952,910,12,17,13,47,2,0,0,60
4a6f35c8-08f9-4d13-8cce-cd299d2c6db1,8500,7992,189,213,106,581,26,9,8,60
4a83a357-9d2a-4f14-bc3a-f7026738806e,6937,6628,120,118,71,318,12,1,6,60
4aa062f4-f83e-4a95-aeb9-42e27e1dd8dd,314,279,6,18,11,6,1,0,0,60
4b8ba762-b86a-46e2-ac8a-661a5819fb8b,2779,2665,43,41,30,106,3,0,0,60
4bb8d346-7435-4885-bd3c-44291c9133ca,2297,2213,21,34,29,171,4,1,1,60
4bccc241-ade5-44c1-9f81-b01eff3ad116,0,0,0,0,0,0,0,0,0,0
4c3d0804-a7d5-43e3-a2df-081215f1074e,5113,4750,140,136,87,371,17,3,3,60
4c3ed94a-4b35-42cf-902e-5ef2a1bf4755,2061,1989,22,34,16,113,0,0,1,60
4c4002e2-7b67-4719-a09d-d3eddd89c689,23889,22845,405,377,262,1628,72,11,9,60
4cbc8b0e-f35b-4370-bc39-4967e187d912,1363,1307,25,18,13,101,0,0,0,60
4d302636-02db-4e64-88f5-933c899d93ba,2036,1937,40,36,23,148,2,0,1,60
4d47c872-5abe-46c3-83e6-59facd29439b,481,466,4,6,5,39,0,1,0,60
4dfa3824-9a7c-44be-86ee-0c17773cdcbf,1614,1514,39,23,38,93,8,0,0,60
4e6515d5-246d-49f8-a00e-f3fdb449935a,246,239,3,2,2,14,0,0,1,60
4e9c4150-2540-4ed2-91e2-497cffa946c7,695,666,12,13,4,56,0,0,0,60
4ea40cad-5391-4b97-9302-8195299ac4ea,3079,2982,30,43,24,223,6,0,0,60
4f14f50b-50ef-4600-b4ef-0ae7c92351f0,2809,2704,33,44,28,286,0,0,0,60
4f445653-5a8d-45d3-9f04-6a786e950ea3,1505,1453,18,28,6,35,1,0,0,60
4f4ac3cd-ace6-4909-8c23-8690c695df61,9470,9074,158,158,80,615,20,6,6,60
4f8c8484-b4c6-40f6-a11c-b4d753a13d35,1362,1311,14,23,14,99,0,0,1,60
4f8fe34f-00cb-4d7c-a7ef-fa6be0a4094a,2326,2258,18,25,25,194,1,1,0,60
4fd94af6-c0f5-4e73-b5a0-a5d7189c1935,3894,3727,58,74,35,257,7,1,0,60
506ce3db-1626-4253-ab18-863ac1111618,2208,2119,28,44,17,116,1,2,0,60
50a07272-014a-4f7c-af4d-eecb6d1c8bd6,5687,5488,59,72,68,395,12,2,1,60
50c88aba-ce78-497b-9232-d5500f2b1a11,1694,1599,44,23,28,97,1,0,0,60
51289641-c202-45bc-ac9c-5aed242c4f6b,1822,1762,16,28,16,102,0,0,1,60
51710f6c-c786-4603-8736-799427925288,1343,1231,44,39,29,66,1,1,0,60
51763759-ca47-4044-9510-038ba8a18be2,1871,1683,75,71,42,34,3,1,0,60
519caf42-346d-411f-bf4e-7b81b061dc33,1557,1485,25,22,25,102,5,0,0,60
51ce2597-1787-4b27-9909-682196b76f27,516,470,27,11,8,23,4,0,1,60
51db3342-88f9-48b2-be44-ea2875aab906,687,667,7,9,4,58,0,0,0,60
52123b29-97fc-48a8-bcab-f290bac0df50,1489,1374,38,41,36,83,4,1,0,60
5233bb56-478d-4acb-bdb4-738a60014c57,707,659,17,19,12,47,4,2,0,60
5255e9ea-0b53-4dc3-ba95-5f3f0ce91678,0,0,0,0,0,0,0,0,0,0
5293e6e0-d4a9-4b9c-973d-f760f1611df3,1234,1180,19,19,16,67,0,0,0,60
52df52cc-b7ec-465f-a6db-832d5c2b860b,663,641,7,12,3,50,3,0,0,60
52e8174a-b341-400f-82de-4b3c51f9c510,5729,5375,115,157,82,343,12,4,1,60
534300df-5f5a-4c42-b5e3-6322802b0a97,6171,5879,97,134,61,401,11,4,6,60
5344a339-ff5a-43c9-9e55-40a61979126e,3144,2922,101,69,52,203,10,2,2,60
542f7572-e935-48b5-be10-696cda76b889,1018,963,13,26,16,88,3,0,1,60
54701e93-10e1-4b49-b61b-279674d83930,3473,3324,46,61,42,195,7,0,1,60
548dcab0-0598-4a95-9bfc-a9d49a935df4,974,908,29,20,17,57,7,1,0,60
554ff7be-58f5-405e-8b93-f418a299bb85,1763,1711,21,16,15,126,0,0,1,60
5572dedd-b573-43b3-b3f3-cad86585818c,232,211,9,8,4,10,0,0,0,60
557cf9b7-98b1-48fd-ac69-a1ff4829ca5b,1247,1144,21,54,28,67,1,0,0,60
557d328e-ec9f-4145-8c0c-aabbf25d9351,1370,1326,12,21,11,98,1,0,1,60
557d66f7-1d1f-4549-8297-f4f6d296ffdb,1019,970,20,18,11,66,2,1,0,60
55b32662-ead1-421c-aa54-e5b5cd9586ce,3936,3757,70,73,36,236,2,0,2,60
5605d2fb-c3f6-4058-b201-20a0df3058e5,4716,4524,75,71,46,361,3,1,0,60
5664e553-7a13-45fe-82b8-9737dc6680d3,1005,943,18,20,24,64,0,0,1,60
56d01c7b-ccae-4a5d-99db-61b6211a75cf,0,0,0,0,0,0,0,0,0,0
570d3a95-1800-4cb7-80b2-c714c754adfe,1806,1760,11,12,23,118,0,1,2,60
570f243a-0293-4a80-85be-9b2e272875b1,1742,1681,22,23,16,101,3,1,0,60
57b247dc-b455-4001-bf7e-06055923542e,1774,1701,27,36,10,147,8,2,1,60
5879d941-cea7-4ae5-8320-906d041419b7,2531,2173,157,109,92,133,18,6,2,60
591beac0-ea06-4b59-9305-49c40d0ff90b,1288,1171,41,45,31,65,1,1,0,60
5ac6f703-96ec-4ad4-99bc-2a950a6c6fc5,3527,3243,124,107,53,216,3,0,0,60
5ae7cade-dd94-4cb2-939e-311ef667d9ec,3750,3333,175,112,130,267,22,2,5,60
5b5ef576-e07e-4729-89f1-5cb50bc9b44f,1697,1642,18,23,14,143,1,2,0,60
5c0ac700-bff2-4921-bcb9-6db8efa87e5d,2525,2423,28,43,31,169,2,0,1,60
5c164f49-f994-422b-a201-8c3fdc7b9638,6853,6527,143,103,80,392,21,3,2,60
5c5f4fb6-960b-4a88-a32c-2fb8130f7a72,2572,2254,129,110,79,94,6,2,3,60
5c93cde9-4367-479d-a526-256dbf895156,4322,4139,60,72,51,414,18,7,2,60
5c97662d-d81f-42ac-b74a-3637d3b4ee0a,0,0,0,0,0,0,0,0,0,0
5cbd3290-eea2-4d8b-a171-758fc68d109a,989,970,1,9,9,52,1,0,1,60
5cc36cd3-8248-4197-a6f6-2da977247777,7075,6563,194,185,133,493,29,5,6,60
5ccc00ea-30f5-4854-a7a5-e8d0a4940ffe,2045,1722,133,117,73,95,19,3,0,60
5d1863ff-4f7d-43cb-bab2-d51e124ace3a,2469,2324,51,55,39,155,0,0,0,60
5d4cc937-ab52-4f9a-adf2-ad3e22d75f6b,1195,1138,20,20,17,93,5,1,1,60
5d4e98a2-f6d7-43de-950e-33729c637450,2593,2452,60,52,29,220,1,1,0,60
5e425050-8e2f-4dd6-9b54-6a22766baf5a,14509,13418,414,391,286,948,12,11,10,60
5e757867-0bb7-4cec-9988-5f1bf7630af3,987,914,22,31,20,64,0,0,0,60
5e75d4f2-69d8-40ed-a97b-7fc7402ad0bb,2551,2413,46,49,43,255,2,2,1,60
5eb4c12c-57f8-442c-b30e-b5596141798d,230,224,2,2,2,23,0,0,0,60
5efee4d7-4217-48d1-be59-c34b5545217f,1839,1695,59,56,29,129,1,2,1,60
5f4865a1-c4ed-4fd0-9563-d9b56e9a0a49,1264,1203,20,33,8,80,0,0,0,60
5f4e6ad6-2ed2-4867-98d0-6d2bd6fd45a3,1646,1450,71,92,33,82,0,1,1,60
5fc9c21b-55b4-4e13-9366-b509344af436,193,170,9,13,1,10,1,0,0,60
5fe7493a-5f02-4487-9520-4044cdae21dc,2108,1679,192,152,85,84,10,0,2,60
60178b53-8ca8-4219-a48a-316488356088,1179,1159,9,8,3,76,0,0,0,60
604750ee-2261-4cdc-8208-990d1f7f8b3b,1630,1565,25,21,19,110,0,0,0,60
604c3ea1-f48c-47a9-abad-012480180380,840,772,30,23,15,65,0,1,1,60
60e8b78e-aa4c-42e1-8393-20218c4dd8d9,3202,2905,124,112,61,183,11,3,2,60
612daa00-91dc-42e3-8ade-c0c3de9ad128,1530,1460,40,19,11,110,4,2,0,60
61ae44f1-c804-40f5-b00e-e8dcb13b587e,965,937,11,9,8,64,0,0,1,60
61bcb29e-fbe7-4551-b575-d8ccf41b63ce,2724,2337,148,153,86,145,16,3,5,60
61d2b1b5-5af9-48e0-a389-b64ce1eeab69,214,210,1,1,2,17,1,0,0,60
6201341e-233a-4f20-aae2-7220c79c001b,522,484,19,10,9,37,0,1,0,60
622187fc-0b6b-4b35-ac09-4b320677d00c,1867,1753,44,40,30,95,6,1,0,60
622e6413-de89-4030-bf98-7a5673ad9c67,5174,5013,60,57,44,461,4,1,1,60
62611d4e-de56-470f-aa2c-8b9c306588a8,342,320,13,1,8,12,0,0,0,60
62dd736c-b7cf-4b24-8994-b943bd786f8e,3934,3690,87,88,69,315,15,4,4,60
62ffe2a7-1cd2-46c8-bb1a-2cf0951260d9,556,490,23,24,19,8,2,1,0,60
63a87236-9ec8-4f21-bd50-24a296f0e0b0,1408,1352,20,22,14,97,0,0,0,60
63dd3d3e-a1ca-4ffe-82a1-07303f75bcfc,2003,1922,31,36,14,143,0,1,0,60
6402702f-5df8-4ee6-8a24-ddaa23605b38,3305,3106,79,64,56,233,15,0,2,60
6443ce0b-16ca-4608-9602-ac92c5beae39,0,0,0,0,0,0,0,0,0,0
6450f8e6-ccc3-4543-8f48-bf236e610c22,2658,2513,57,69,19,188,12,1,1,60
65390499-fd25-449a-8259-2a473d645387,661,549,36,43,33,35,4,2,0,60
657fbe45-e16d-4ba7-a94e-46b7614b6033,2446,2327,44,47,28,172,2,1,0,60
6582f13d-c129-441f-9c9f-ddcf20ec5968,217,202,9,6,0,10,3,0,0,60
65995b39-6acc-473f-90a2-90aa6e5fdb5d,1736,1492,60,156,28,94,5,2,1,60
6658e217-4dd9-46ea-9782-568413242583,9036,8668,113,163,92,643,1,0,3,60
66d0a4d1-a3c5-4d04-8059-391b82716bf9,3363,3158,65,94,46,239,2,1,0,60
66db9370-60e9-4896-a6fe-1d419111008e,986,888,39,36,23,38,1,0,0,60
670d6152-595d-41cc-bbde-38ba8091f476,2059,1740,126,118,75,97,4,1,1,60
67423f19-ff9d-4cea-96be-b4b3f82d3615,1244,1143,34,39,28,77,5,1,1,60
677cd334-0fed-4c29-b747-e9b4efc7fc09,830,802,10,10,8,75,3,3,0,60
67acaa27-c8a7-4d17-bd88-ab522ec77446,5682,5333,118,140,91,315,5,2,2,60
67bdee1c-75f1-44a5-b8b8-e6cb603274c0,1767,1578,69,85,35,107,8,1,1,60
67c0f78f-8cb7-4dab-8de3-99536c3ffcc7,2465,2217,85,114,49,149,2,2,2,60
67fb9845-c74b-41c7-9535-ea9e36eca258,4780,4110,257,279,134,195,8,5,1,60
681bfcd0-e41e-494c-9bfe-8d940ed915cf,2964,2772,66,77,49,171,1,0,0,60
6867097e-9996-4078-8c7f-cbd6c1a2bc6a,1616,1552,23,19,22,92,4,1,0,60
68bbdd80-94d6-49ea-acb6-5eb6a6ceae08,1038,998,16,19,5,62,1,1,0,60
68e96af8-5a88-4891-9a4e-c6e68931f5e9,7294,6878,146,199,71,514,2,3,3,60
68fe6403-188b-4f74-9cf5-049b158f958c,4181,3938,104,86,53,258,0,2,1,60
6922580d-cf7d-4762-a9e8-85de5553c32d,934,895,11,12,16,38,1,0,0,60
69cc99fa-5689-4a10-befc-184a809c101a,4771,4601,49,70,51,324,1,1,1,60
69e278c6-b939-4e08-b669-43ba1b82f37c,2401,2259,59,50,33,168,7,2,2,60
6a5f6731-c98e-4b6a-93e0-a7dd83bb6a42,0,0,0,0,0,0,0,0,0,0
6a86b5df-28b1-4b56-b625-e9a4314653e4,3712,3032,255,290,135,194,32,11,4,60
6a8ccce7-3044-4cb0-96ae-110f007ef12e,1617,1499,49,37,32,121,1,1,1,60
6ae4171c-3483-43ce-b395-7a24ceec2bc8,409,357,28,15,9,29,2,0,0,60
6aec5238-fdb8-4e19-8258-dfb6ffe4feb4,1875,1542,114,175,44,84,14,4,2,60
6baf1f37-f445-4941-ac52-96d7d1f71c2b,1752,1653,55,25,19,128,4,1,0,60
6be5e484-e5d3-4a34-bf2e-92d2fbf4a746,1126,1061,26,31,8,67,2,0,0,60
6c3e760e-aa49-46ac-b7c1-2ab6f947978f,0,0,0,0,0,0,0,0,0,0
6d193df9-dc8d-4d3f-b336-ca5a587ca96c,1560,1453,42,44,21,101,2,1,1,60
6d327fa0-a138-4c9c-8cfb-dbd163588d91,588,507,30,30,21,30,4,1,0,60
6d583666-034b-4d8d-9b8f-59d5d15ec3ee,5670,5444,72,107,47,296,1,1,0,60
6d6e2247-8318-4046-b0f0-516dbf237d82,3351,3197,62,45,47,288,1,1,3,60
6dc86dd9-1fc7-495b-bded-83427dbf7b07,3662,3148,202,193,119,226,27,8,5,60
6df23a01-0ead-4e9b-b681-d5b41f70149b,141,128,4,4,5,5,1,0,0,45
6ec59c8c-84e8-442e-896f-27aa8daacfd2,1266,1232,17,8,9,55,0,0,1,60
6f519d87-5c4d-480a-aab6-40db818a1eab,520,502,9,5,4,37,0,0,0,60
6fd45659-e4f1-4567-acbe-bcea6c1984ae,130,120,5,5,0,9,0,0,0,34
6fd8387f-606f-4f9e-9af0-e665d4629bb9,1646,1585,20,24,17,28,1,0,0,60
6ffcf468-258a-4b99-9223-72000ce28a1c,1579,1286,117,113,63,90,11,0,4,60
701baef8-96c0-49de-922b-f52a0f81ed9e,3905,3622,115,107,61,226,12,0,1,60
705c6e7a-f0e0-4d42-9166-2750518304d4,422,410,6,5,1,28,2,0,0,60
70638b96-a8ee-4388-bfc0-7494f5456636,2225,2147,29,31,18,126,0,0,0,60
707d4ee7-467f-4cbc-8025-e80aac4414fe,1658,1537,38,36,47,130,3,1,0,60
709bbf1d-9ac1-4480-afdf-2c79c7b249b4,1539,1517,6,9,7,47,1,0,0,60
70a48ac2-29a2-4a11-a251-0d48fdde4d27,2854,2646,83,83,42,181,1,3,0,60
70b2ade3-1449-4b70-9216-370d83a0b501,4368,4208,66,62,32,193,3,3,1,60
711ec477-900b-4794-b7d4-a0e8fc9e2b14,5749,5495,115,81,58,381,5,3,1,60
717337a4-c0a1-4467-885b-6d0e8ebd7406,1339,1272,22,28,17,94,4,2,0,60
71d86098-09d9-4eee-ad29-40829f31a36b,1352,1312,9,18,13,69,1,1,0,60
7202dc5a-8f31-46c8-affa-a7492ca0eab3,1043,1003,21,13,6,24,0,0,0,60
72cf1e81-8a01-44bd-bff4-b79620ba7b3e,1299,1229,30,20,20,74,2,0,0,60
72e38643-bfb1-4875-90f5-ca4168af1275,6344,5926,160,146,112,339,3,3,1,60
73f9c7dd-7f55-4f20-b565-c42caa1a7548,3588,3176,156,140,116,208,10,4,4,60
744d4476-b83e-4466-8ffa-ed57ce3ddc37,9102,8676,140,179,107,649,27,4,6,60
744d7b52-1013-454c-bc7c-f094ee9c43cb,2345,2179,60,65,41,113,4,0,0,60
745684c9-2f84-492e-b4d9-a4a85565796d,583,518,19,30,16,38,0,1,0,60
7457acc0-e1d6-4a57-91dc-25723c4182e8,3102,2239,306,300,257,157,26,8,3,60
746a6499-6133-4dc2-8c09-9f1e19e0cab9,185,177,1,0,7,13,0,0,0,60
749f6bfd-2083-43f1-8199-59632122ec7c,0,0,0,0,0,0,0,0,0,0
74aa3546-6b4f-4d8f-bd72-81d4a25eb313,1031,1008,7,4,12,79,0,1,1,60
74eea82d-ed58-4b2a-bd90-1ed9ae3cca83,1120,1094,12,10,4,76,2,0,0,60
7519eea4-400f-4d4c-9c26-e2b6e38032bb,945,844,47,35,19,96,0,2,0,60
7566c4b6-a2a4-456b-95e2-fce17a1a8f15,3566,3435,59,52,20,277,6,3,0,60
7583dedc-cca6-447c-9128-1715ef55a260,2317,2229,32,41,15,185,1,0,0,60
759219b4-d060-48fd-b44e-b695a9838b46,1507,1318,89,54,46,38,5,2,0,60
75b6fb2e-5f79-41b0-b44f-ab866a50462e,7230,6992,83,98,57,556,14,6,3,60
75c8dfd9-d954-4b89-9e8e-e092b2b82257,0,0,0,0,0,0,0,0,0,0
762fd95e-e76e-41c4-a5e7-56c511ae1d4f,4136,3738,121,222,55,304,1,2,1,60
76311f3b-0ca7-4a32-87d7-b6f827365303,3561,3374,74,65,48,191,4,0,0,60
7661c4ca-9211-4fb3-8e8a-f68d55f358f6,295,275,7,9,4,17,0,1,0,60
767c5cdf-4c79-4b96-8ff7-c8e4e9b04514,2031,1956,29,26,20,146,0,1,0,60
76bc8899-97e6-4643-9b50-d5184cba8d2e,32118,30754,422,572,370,1857,12,6,0,60
76c8ed31-8b8c-4d86-b730-14e2d0b1c89a,2139,2063,29,29,18,132,2,2,0,60
76f6f4f4-9e80-44f7-b921-37bbd2025c1b,2068,1929,50,48,41,151,4,1,1,60
771ca140-e1f1-4bc4-a2cd-e08f416bf7eb,4271,4061,82,80,48,259,2,0,2,60
776e17f7-35f4-45f1-93cf-621470433f99,3325,3192,41,52,40,139,0,0,0,60
77abe6a6-dd4e-479b-8ab8-8a2d963fb7b8,2061,2018,16,17,10,130,5,0,1,60
77c5e632-0bf6-4b53-a9bf-14e4cab391e3,1294,1219,28,30,17,74,0,1,0,60
77d515aa-9b7f-415b-bfe7-f4f0e71ff49a,3209,3088,50,46,25,286,0,0,1,60
77ed75bf-b7d8-42ba-8881-a4964e148750,0,0,0,0,0,0,0,0,0,0
7816605d-6098-4f9e-a055-ca4af6bda503,1456,1370,29,34,23,111,0,1,0,60
789a30ba-fcee-4dd8-a488-6daeb91a0306,2721,2628,34,41,18,211,2,0,1,60
78c2bbd6-c6fe-4249-ae93-7bc86e1566c5,802,779,12,10,1,63,1,0,0,60
798f9f4b-0add-4d75-adaf-6c430e0a932f,4569,4303,111,84,71,210,1,3,2,60
79bebcc8-ac89-4763-b179-929a98cd3b78,2552,2311,94,89,58,74,4,2,2,60
7a134f79-62fa-4858-b37b-12c78098c8ab,6957,6538,155,173,91,291,11,5,4,60
7a9112cd-b8fa-42c8-8550-5823ff3f5979,1230,1149,37,27,17,88,0,0,0,60
7af35968-0478-40ea-b7ed-009a9ca1c587,471,429,14,15,13,17,1,0,0,60
7af46c33-f2fe-4f09-a95e-d009b346daf5,1380,1024,174,118,64,61,9,7,2,41
7b48e2db-c728-40a5-8b9b-9d2e0eff36d5,0,0,0,0,0,0,0,0,0,0
7bf57c82-e0bc-4637-aebe-60b02e35ad7e,3752,3653,33,38,28,315,4,2,2,60
7c3e4bed-927a-4255-862d-5d1f338f1ceb,950,772,63,80,35,49,6,4,0,60
7c41bf8d-297b-4778-9724-fd3e6cef848c,10311,9878,152,164,117,418,19,6,3,60
7ccc018b-fe6d-4b7f-99aa-149b139c672f,13868,12556,454,494,364,739,56,23,7,60
7d942a39-6166-42f5-801c-526fefe09019,1742,1627,44,34,37,124,2,0,0,60
7d9ee0b8-1d5d-48f2-89dd-633c994a89d6,1089,1021,36,16,16,69,4,1,0,60
7dab9dac-25ac-47e1-8ca0-734f5f21d3b8,3008,2852,52,67,37,163,13,2,1,60
7dc8a857-2d71-49ab-b59a-6914d2deab4f,2170,2106,21,22,21,160,6,1,1,60
7e2f7ba5-8680-4dde-bfc2-237c227b0f32,6230,6029,68,79,54,371,10,1,3,60
7e42cdee-1f42-4073-9b6e-74c707c2a721,2881,2735,57,55,34,190,12,0,0,60
7e7cd31a-b81b-4c81-b498-1d7276861bfa,700,652,23,13,12,52,2,0,0,60
7ec7e151-69cc-4de7-9669-724ee973b645,1742,1660,35,25,22,126,6,1,0,60
7f0bf862-8d03-4de4-b31a-861f19968022,777,741,16,15,5,62,2,3,0,60
7f461e63-ba4b-4c5e-807d-f74b966bf52d,1411,1366,13,20,12,104,1,0,0,60
7f6be426-fa9f-4035-8cf5-1e45a06c7395,2187,2040,65,53,29,138,1,3,0,60
7f7b45c6-8723-4480-997d-da1bf0590735,1876,1747,42,65,22,102,5,3,0,60
7f91a700-1c9c-4b37-9aa5-5e5666a31117,5570,5263,103,123,81,400,7,7,5,60
7fdb860a-f3b2-4de4-8434-752fc679badc,700,668,12,11,9,39,1,0,0,60
8014c945-2156-486d-8d71-b8c8e0defe6e,2975,2882,29,24,40,217,4,1,1,60
8031ec0e-b135-4bbd-bf7a-340fd3b630b8,7412,6979,160,168,105,541,18,10,5,60
806d777c-4517-42a5-a69a-b9bd8c494aae,1386,1340,22,15,9,115,2,0,0,60
80ae7354-1a89-4fbb-a2e6-0cb00f236791,3579,3398,66,77,38,291,3,2,0,60
80dd86f2-28da-42f5-8a3b-e27c90b22181,1760,1534,97,79,50,101,8,3,2,60
8125dd44-913f-4da5-a3a5-3a5a255070cb,1505,1392,40,43,30,122,2,2,2,60
816395be-042c-4f52-a174-d9ef1124c073,414,391,12,6,5,30,1,0,0,0
821e77ce-2428-4b7c-9984-e1d681e15953,1917,1860,20,18,19,136,0,0,1,60
8242e161-952a-40ff-bf9a-951ef968c3b4,4505,4325,57,75,48,244,0,2,0,60
8273af6b-d086-4e42-939a-631c11b9887b,1349,1274,25,27,23,114,2,1,1,60
82b44745-67b2-4234-b2b6-89781d37ac8e,2938,2757,68,75,38,161,8,2,0,60
82c00c53-6d6d-4c91-8dcf-d74bf5250aee,1719,1321,158,173,67,45,4,2,0,60
82cf3055-165d-4554-bd9e-4f542f68a432,0,0,0,0,0,0,0,0,0,0
82d2078c-736e-4941-bc3c-d1c3034e24ed,1393,1353,12,19,9,76,5,2,0,60
82d5692a-45ff-45a3-a982-4f9ee843490c,2218,2147,28,28,15,224,4,1,0,60
82f66dc4-f870-4e07-ace0-6091909b9389,0,0,0,0,0,0,0,0,0,0
82fcd2f4-54d1-4868-a077-315788a7d104,680,668,1,5,6,51,0,0,0,60
837df35d-f4be-4ed9-a872-24145fc9050f,5812,5531,64,165,52,375,0,0,0,60
83aecd76-ff6f-4efe-9e66-1de8b0fd1163,3813,3590,82,88,53,248,4,1,3,60
840081bd-2433-4968-8922-e65af8e090d2,3980,3752,80,100,48,221,4,1,1,60
84b35de4-510a-4fd4-93b0-c096e7e79f05,157,154,0,3,0,11,0,0,0,60
851f5fff-3a33-4ee6-9a2b-3de81fd771d3,3912,3793,45,42,32,229,0,1,0,60
85739672-93f9-4838-8c96-a1a5499d4323,1930,1840,36,35,19,182,5,1,0,60
85998787-e8f3-4ffb-8e20-d80d6fc1836e,1389,1335,21,22,11,123,1,0,0,60
85e7eff0-ffd4-4a29-a866-6706e105bee6,487,443,23,15,6,37,1,2,0,60
86304eaf-5b19-453c-849c-004985226905,626,609,5,8,4,31,0,0,0,60
86a88542-e0de-4881-a45d-88dd80af4715,188,183,2,2,1,18,1,0,0,60
86c21b90-dc8e-448b-8e2b-c3f0f5a42560,2274,2189,23,48,14,180,1,1,1,60
8721fe0d-9dc1-4a32-9206-dc135f327258,906,858,15,21,12,58,0,0,0,60
872bd2f9-c2cb-4f59-9cd7-8ab98886a63f,968,893,25,32,18,47,3,1,1,60
87e62bf5-8794-412d-9c1c-a4e4d8b02463,3407,3268,45,45,49,206,5,0,0,60
88026068-7c9d-4b26-8fe0-f315a463c4be,4866,4580,118,89,79,353,13,3,7,60
8809e52c-1b2b-4a36-b0f2-eb8119a6583d,1551,1499,19,23,10,135,0,0,0,60
8837c5e8-444d-4622-9167-22c4b14140ce,1059,1033,11,10,5,62,2,0,0,60
88572a09-2d1e-4519-bc16-396aed79dbbd,2544,2398,47,69,30,184,0,4,1,60
88797451-8d0f-46b0-bc43-aa3ed1753d95,593,569,9,10,5,14,0,0,0,60
8893584f-9a50-4105-8636-ccc7182e2a62,1133,1044,25,45,19,69,1,0,1,60
88a724ad-1fde-45ae-8cea-836bcef2acd7,1772,1726,18,17,11,158,0,0,0,60
88ce16be-7eea-4236-8926-0401b4231a19,233,220,0,4,9,11,0,0,0,60
88e6af05-9fff-4824-b212-51155a6ff376,824,804,5,12,3,53,0,0,0,60
895631d2-a605-46bf-832f-17b1abae6188,3349,3194,58,52,45,204,2,0,0,60
8a12e72b-7322-4557-988c-a03c89b5e4a6,1108,1074,13,15,6,81,1,0,1,60
8a56922c-eaf3-4249-803e-5113a4a1bd31,2143,2036,34,49,24,128,2,0,0,60
8a67f3e0-e46a-4fa6-83a5-5839d1909f09,0,0,0,0,0,0,0,0,0,0
8a6d1a49-d611-460c-af3e-de7167338d34,2917,2763,53,63,38,126,5,2,0,60
8a8dbc89-748e-4681-a911-3dfb3dd78102,5794,5440,102,185,67,469,2,1,1,60
8a908558-d952-4469-8b42-c763322c724d,2196,2123,23,31,19,104,0,0,1,60
8a92402e-f46e-496f-99b1-be3644b2fbd2,3675,3473,75,83,44,234,8,4,1,60
8abdccc7-01dc-4141-bf11-4e01a4508ea0,2408,2290,36,52,30,192,5,0,3,60
8b7cac1e-d93f-411f-8793-b7d2a0d399f2,2023,1939,31,24,29,77,0,0,1,60
8bb9226d-aca2-48b5-b98a-9002a47929b3,3434,3264,70,54,46,178,10,0,1,60
8bbcf04a-7c7f-46d8-82fc-499e722ed865,1111,1050,21,24,16,83,0,1,0,60
8bca43c0-9be2-414d-bbc0-9fa9fc84f7e5,1103,1030,26,34,13,48,1,0,0,60
8bd84f6d-8773-470d-ba5b-08c9f5030db0,1772,1710,15,33,14,37,0,0,0,60
8c0ccad9-5eb0-4188-ab86-b0f673a042d7,1336,1284,21,25,6,55,0,1,0,60
8ccd9abf-2503-4ba2-9cab-2343e9dbff3e,248,239,4,3,2,8,0,0,0,60
8cd3b03f-94da-4043-8469-45d3efd8ece7,36759,33077,1278,1490,914,1973,102,39,24,60
8ce5f0ea-b250-4ddd-8bc9-15228cc4fed1,941,898,16,25,2,90,0,3,0,60
8d062782-1e4c-4fca-ae13-415913d7ae4d,1320,1265,18,24,13,84,3,0,0,60
8d18acb0-2494-4372-9e0f-3d3fc5285f02,705,679,6,15,5,57,0,0,0,60
8d43935e-a3a5-4761-9678-828669f04291,1802,1717,42,26,17,86,0,0,0,60
8d53c807-b554-4af6-b02c-1a5576564475,505,455,15,24,11,38,2,1,2,60
8d6ef28e-b82c-4dcd-9646-337cdcf558ba,1497,1438,16,34,9,134,0,0,0,60
8d81a688-4149-42ae-881d-634dcca862c2,1560,1477,39,31,13,93,6,2,2,60
8dff989e-ceab-4ff5-9f31-954402871b5c,1144,973,76,65,30,40,0,3,1,60
8e6982cd-89ac-4dda-b179-18dc903165dd,3909,3788,41,45,35,226,1,2,1,60
8f709f15-c061-4488-9c04-500f27699a15,315,289,10,13,3,14,1,0,0,60
8fb1be57-c6da-43ce-82a3-ff140adbe1a8,626,563,25,16,22,50,1,0,1,60
8fe0dd2e-8a93-432e-969a-0380ab900d6f,1146,1115,10,15,6,94,0,0,0,60
8fee0ae1-bb1c-43c3-bcd9-60f9113a7c50,7937,7501,145,164,127,479,7,6,1,60
90395cad-e435-4213-a7a1-db0ff1543fb1,3206,3033,65,77,31,228,4,1,2,60
9051d4af-f5b9-4929-8daa-3e47ee8983af,581,513,24,30,14,41,1,0,1,60
909f8d24-9e03-4427-becb-5b238513ba50,1616,1559,21,21,15,109,2,0,0,60
912eb6a4-714a-41cf-bbac-e2a13240b087,354,337,4,4,9,13,1,0,0,60
912faf72-b7ee-4209-a651-bc543e500217,326,315,4,3,4,20,1,0,0,60
913fb09e-91b2-4edf-9830-4be9c0febcfd,1203,1133,13,28,29,22,2,0,0,60
91aa046b-f1a2-4ef9-8eb1-103ed871481f,2047,1899,58,50,40,116,6,1,5,60
926f439f-37c9-4420-b047-e602d51c7778,1073,1030,22,12,9,73,5,0,0,60
9276a62f-6817-46f3-8441-263f3d7a1f3f,3638,3487,72,41,38,290,12,3,3,60
928544cb-e4a6-47bc-94f0-cc58a21e45be,2160,1926,101,79,54,146,11,1,0,60
92beb3ce-8566-4bac-a688-7105e128e03a,495,470,7,11,7,39,3,0,1,60
930ffa15-0c1f-43cb-814a-eadaaf7f683b,1496,1133,147,126,90,61,18,4,4,60
93130779-2e25-4c6f-9e1f-009c41466558,3616,3464,58,53,41,260,4,2,2,60
934c4f0d-fbba-47f4-a0ea-1fa866873404,0,0,0,0,0,0,0,0,0,0
936f6486-ec60-4a43-a2f3-e9ffa6f3bf71,0,0,0,0,0,0,0,0,0,0
93c3e16e-64cc-4cfe-86ef-7ce35b4eefba,831,804,8,5,14,51,2,0,0,60
93f0f254-c9a4-457d-981b-9a029b55f013,10144,9826,98,143,77,737,11,2,3,60
9407e036-80d9-4f00-baff-5d99ace60a97,1321,1204,38,56,23,39,0,0,0,60
941d5753-1dec-4e0e-8d19-e35086fe1e0d,922,887,11,17,7,56,2,0,0,60
942fb5ed-9658-4cc8-b8bf-770131d1b3e7,3540,3400,43,49,48,143,5,1,0,60
94453008-641d-4ed9-8b4b-7a6024ad5ad9,3110,2903,80,74,53,181,3,0,1,60
9456f14a-81c9-47a5-92d5-a0b7206f75ab,1725,1628,38,38,21,99,0,1,0,60
94778d4d-d96e-4888-abda-55ecb150501f,6656,6411,105,94,46,522,14,5,1,60
94c6e15f-ceff-4a76-90f4-9c94388d98ee,2006,1922,23,41,20,97,3,3,0,60
9577cf31-0eda-456f-9f79-453691101c91,4335,4159,72,56,48,291,19,2,0,60
95c076af-9c76-4573-9582-9ff7de095bca,1720,1659,15,23,23,81,0,1,0,60
95d2a369-55e4-44c4-8d80-a1db4fe7603d,262,256,3,2,1,18,0,0,0,60
96310551-aa93-4ad3-8b70-e83ac3e8b797,2271,2150,35,28,58,173,5,1,0,60
9664a323-28a0-4210-9589-d06eded4c0df,3208,2953,88,106,61,188,2,0,1,60
966ec316-ab42-4c93-918d-f03ba1b0f312,3778,3617,65,60,36,262,10,4,0,60
96d2ebd9-5bfc-4305-b4b7-da77c72b74b5,5042,4580,192,145,125,344,5,1,2,60
97c0a293-7612-4201-abbc-c96f34bae999,596,575,4,4,13,43,0,0,0,60
980d8bdc-1c8d-4892-a4ba-ed4b8a1e85bf,3096,2985,36,42,33,202,1,0,1,60
9812840b-6fb7-4628-860b-0ce297e9f4e2,1778,1651,37,53,37,96,3,2,0,60
9823acf5-37a6-4d79-8487-b830bb1e463c,1372,1285,33,25,29,62,2,2,0,60
98425343-2233-4154-8ecb-51819f79123c,2160,2037,41,44,38,153,3,0,0,60
98981abc-bb73-4958-ad69-db50f6ed784f,1617,1536,36,31,14,117,0,1,1,60
989b1c82-1f0c-4c7d-a52b-cebf2573e412,1542,1505,7,19,11,44,0,1,0,60
98e757fe-afa9-442d-a256-771dab2c545e,1622,1563,21,28,10,98,0,0,0,60
990822fd-b0ec-42f8-9949-a9b87ec47110,656,634,8,7,7,49,2,0,0,60
9920a360-fa2f-4671-b483-ea991c8e0e01,1421,1334,23,23,41,83,5,0,1,60
99344b6f-40a5-4e10-80f5-1ebfdbe1c4f2,1012,926,34,26,26,78,5,0,0,60
995d0a87-d254-46b6-9cfc-10005add3744,1445,1383,36,25,1,46,0,0,0,60
99677a3a-6a5a-4eca-b18b-f6783c5aa1ef,4878,4136,330,238,174,238,36,6,5,60
99b5cd7f-9c2d-47f4-ab1a-d2a4a4008f05,14263,13692,197,224,150,952,5,3,3,60
99d63669-14bb-45f8-820d-91963faa933d,1747,1696,20,19,12,141,0,0,1,60
99e54fbe-5139-43b0-b664-8075d91f5869,12449,11873,213,202,161,697,6,4,3,60
9a16e607-5284-4a5e-ab81-41468719d6d1,863,808,20,25,10,46,1,1,1,60
9a24fa7e-8a83-45c0-8981-0974fc82db4c,21743,19837,584,875,447,1461,18,18,9,60
9a3cd17d-2179-4b59-9113-acbd3ea59f06,3880,3755,45,43,37,264,2,0,0,60
9a64c1b9-a9ca-4521-8524-ca80cdaf9309,917,872,18,18,9,69,0,1,0,60
9a76ace0-10f9-4dd2-a700-c2dc9847f9d8,3517,3079,206,148,84,205,23,3,4,60
9ab36976-d13a-4d47-8719-b2c12963cfae,6795,5982,287,381,145,392,32,12,3,60
9ac005e5-0733-47e2-8bf2-70e9588de78f,1357,1285,23,32,17,102,0,2,1,60
9ade6c6c-cfa6-4c64-84ee-4e703e2b0030,5096,4665,131,225,75,380,3,7,3,60
9b3c8dcb-9bed-4eb7-b979-bddef1734def,1004,924,33,27,20,56,1,0,0,60
9bf71622-4d43-427f-a4c3-2deba811b7df,1892,1816,30,21,25,35,0,0,0,60
9c0050e2-c5e1-4fa3-84cd-4362940e313e,1363,1305,20,18,20,85,2,2,0,60
9c607a55-2014-4df1-9447-fd9353b5760a,892,862,17,9,4,73,2,0,0,60
9c607eab-4b27-4de5-ac59-9014605f40c9,17702,17113,199,268,122,1010,23,5,3,60
9c98a7b5-3506-462c-9f8d-6be872ad48ac,19937,19260,231,273,173,1361,21,11,8,60
9d2608a8-aec3-4e15-9f2f-79da85ccf6f3,2528,2445,41,17,25,98,2,0,0,60
9d5a6ec0-3873-4ae9-aca3-6f940f510925,689,619,28,35,7,43,0,0,1,60
9ddaa67d-a358-4f1a-ae5e-9451ee69e0f5,990,953,15,14,8,61,1,1,0,60
9df1dfed-e818-4e6d-a9d4-e64070fd928b,1409,1348,14,32,15,34,0,0,0,60
9e2ab967-be13-400b-bd46-ab0ed871c9eb,2436,2286,49,72,29,181,4,5,1,60
9e4dcd80-8dce-436a-a859-d78e26b2e792,920,716,90,56,58,55,6,0,3,60
9e68e22c-8efe-41b1-b714-7feefa1f0fdb,2455,2330,32,42,51,132,6,2,4,60
9ef740b8-10dd-4cfb-98a3-a97dfc57880a,1901,1794,25,61,21,122,4,1,1,60
9f405e19-6729-4d21-bf42-a3de9900a8f6,2635,2568,25,25,17,161,2,2,1,60
9fcc3908-b6ad-4d88-ab42-3460a8e0b153,545,503,23,10,9,32,1,0,0,60
9fd6fe9c-f23f-472e-9080-e803672ea940,3201,3098,30,31,42,232,1,1,0,60
9ffe332a-fab1-4482-849b-3c346e7a4b0f,1568,1442,45,48,33,94,9,0,2,60
a12103d0-14d8-4c76-94b5-46051b368d3e,900,870,8,15,7,90,1,0,0,60
a1339691-4714-43f4-ba5d-c29ece13b984,1442,1385,14,31,12,103,0,0,0,60
a1450b90-33d5-4d7a-b03f-4b8b6e7d48f7,1809,1718,30,30,31,113,4,1,1,60
a1b78b47-ef8b-4d8e-97fc-66f53efc0d79,1129,1061,29,27,12,56,0,0,0,60
a20edef1-e756-4227-a0a6-e8a45315d8fa,1048,1030,7,6,5,53,0,0,0,60
a223e310-1d65-4ea3-aca9-bf2674f7eda7,7141,6924,70,76,71,569,9,2,4,60
a25350d4-dd0d-4cf7-8332-8fdf341ca5be,1863,1756,36,54,17,137,5,1,1,60
a266ddfb-2990-490d-a7bb-a62cc2afe80d,9729,8860,307,383,179,421,12,7,3,60
a288ada0-8982-4c1c-a18c-9a97df3f012f,473,435,5,24,9,22,0,0,0,60
a2e0a5d1-0373-47d3-9553-0faa410dde50,0,0,0,0,0,0,0,0,0,0
a3027614-863b-460e-8d4b-6da765108fb1,2739,2624,38,44,33,183,8,3,0,60
a3e007cc-f0db-4ee2-8ef0-36cf02449a1e,925,891,13,8,13,77,1,1,1,60
a3e016d1-9bfa-4024-9dba-f4aa7a064b66,3397,3224,62,63,48,220,1,2,0,60
a3e11c1b-5bf4-41dc-b972-ea5f0c57b5ec,618,589,13,14,2,43,0,0,0,60
a3e65daa-58bf-4984-8d6a-c44a9cb6fd3a,7571,6777,270,356,168,406,24,10,5,60
a3ff1c12-b6cc-4545-aff1-25bbb525e54d,3374,3264,50,31,29,247,2,0,0,60
a40f1242-df43-4b9d-a97e-d9af64f3c956,1108,1050,25,19,14,63,4,0,2,60
a4330f3c-a0b4-4e34-9918-1e9d85bc6c0d,7905,7342,188,225,150,534,16,5,9,60
a4542d34-e5c3-4914-8faa-2b800775575b,1753,1667,33,36,17,118,1,0,0,60
a45f366e-f785-48f7-a9ec-df6d52ec44cb,5589,5166,154,159,110,358,3,2,2,60
a494c8aa-b565-455c-aa31-856950c7c488,0,0,0,0,0,0,0,0,0,0
a4e2dbd6-05bb-4d79-b30d-36d8b97bb828,3024,2845,69,68,42,271,10,0,1,60
a51e6e51-28e5-499f-920f-08c031e9efe8,11147,10695,149,175,128,823,23,11,8,60
a528b4e9-9b9b-4b91-8596-9a1e28dff682,352,310,18,16,8,16,1,0,1,60
a5319be8-6388-4dea-9453-906c286c0d83,4510,4313,82,58,57,279,2,1,1,60
a537fdc8-9ea4-4e1b-89ac-b68fc16e0b69,0,0,0,0,0,0,0,0,0,0
a598e3eb-589e-4851-8e1f-97146e20cf84,1606,1452,59,69,26,111,1,1,0,60
a64a93bc-ea44-490c-8069-e5a4b15c0c5c,1392,1324,23,24,21,107,0,1,0,60
a64e181e-c3a1-4d89-a5b2-5e842cc2fc76,917,865,12,20,20,70,2,0,0,60
a6a94578-9ed2-4313-a38c-3d9c85258c61,3056,2797,108,88,63,193,1,1,3,60
a6b49039-825a-4c13-aa61-44b04f06aa29,3225,2658,225,198,144,208,10,4,3,60
a70eb78f-100e-4a2c-8238-47bfd3b77c28,1315,1236,22,44,13,113,1,1,0,60
a73cded9-8c9e-436c-846d-5a548dc3a7e2,2520,2425,44,25,26,164,6,1,1,60
a77ba4f3-cdc5-43e9-97c9-8b21d0cb2551,813,750,23,21,19,45,6,1,2,60
a77c1ff5-9acb-4ba5-b7ac-a065210e2460,3415,3225,68,58,64,229,13,1,0,60
a7e676bb-7084-4859-90d5-cba94097f479,2062,1902,60,55,45,154,9,1,3,60
a7f0c5e1-0963-4c42-a22a-3afab031457b,2247,2143,35,42,27,174,5,2,4,60
a80142f2-bf10-4186-97a1-2c22031467a0,847,810,11,17,9,52,1,1,0,60
a8439ccf-5ba7-4775-bbab-508ba038b1eb,3082,2956,40,53,33,270,1,2,1,60
a85265f6-2802-40a9-9388-e073ee660548,1909,1789,37,58,25,134,7,1,3,60
a87919bd-d586-4ce2-abf0-fb6ea260f4b6,9434,8807,240,258,129,563,32,7,1,60
a8fa7d27-f19b-4fdf-bc79-ffb6c92d3f47,0,0,0,0,0,0,0,0,0,0
a96ada93-ecf6-4d5c-8b17-7d06ae4495a6,0,0,0,0,0,0,0,0,0,0
a970894c-bd69-40d4-98ea-e08ee7c6493b,3837,3431,177,128,101,194,14,1,4,60
aa04f3f8-e0d4-427b-9571-f3e7b1b72545,1067,1023,18,20,6,38,1,0,0,60
aa0dc9a6-38f6-4892-9422-cd7a541df4a7,1187,1165,4,6,12,72,0,0,0,60
aa0f16df-278a-494e-a76a-713871383248,1749,1619,41,55,34,107,0,0,1,60
aa22b779-61ab-4053-918c-a4ee831e1363,1210,1168,19,7,16,50,0,0,0,60
aa31c3fa-4a8b-46c1-9368-9b8219131ffa,2555,2447,31,65,12,188,2,3,0,60
aa4f6d18-301a-4b52-84d8-9bed0457866c,890,851,16,18,5,54,0,1,0,60
aa94ed0a-2342-479b-8ce3-87af03ea28a8,326,314,5,2,5,7,0,0,0,60
aaae9c5d-44c1-458c-b0ef-a650d54034eb,6173,5896,108,95,74,434,6,1,4,60
ab0935e4-4ceb-4d82-8aa8-3852ee949120,1772,1625,51,64,32,130,5,2,0,60
ab2240b9-d324-4e0e-ac4c-e6e041b20631,1464,1413,14,28,9,111,3,0,0,60
ab3fe077-67db-4df4-bda8-e6d842277f8c,1613,1533,30,22,28,107,1,0,2,60
ab53ad4a-f3e9-4b3b-8732-ef80d0e25d65,3754,3522,96,85,51,234,18,3,1,60
ab566c0f-227b-42b2-8a45-fd64c2e2a6d9,2084,1975,43,51,15,142,2,2,0,60
ab5832b0-277f-4533-a27d-c7e155f3681f,959,923,13,18,5,44,0,0,0,60
ab5efb38-6c2d-406e-b4af-dc70922b4277,1857,1739,47,55,16,117,0,1,0,60
ab77cc03-6650-4c78-af27-2c2471fe097e,1327,1257,27,26,17,81,2,0,0,60
abacaa39-66ac-4197-8a0d-6a903180e636,947,837,45,50,15,29,6,0,0,60
ac10388e-4f5e-49bb-a37e-f0829ded74b4,1421,1343,35,24,19,98,2,0,0,60
ac3588d9-5b92-4bda-b113-5777579c16e0,763,715,24,15,9,46,4,0,0,60
ac840629-b74c-4cce-917a-7dd94020f643,681,622,22,25,12,35,1,3,0,60
ac9f8387-2353-4a52-a178-9f06b6c4eded,999,954,7,25,13,89,0,1,0,60
aca00240-bfef-4bc8-b582-2740541f5b4c,732,707,10,7,8,53,1,0,0,60
accda6fe-fae5-4e8d-9c7a-eb604f2a42d9,3049,2950,36,33,30,200,6,1,0,60
ad0b505b-f156-4312-ae62-2b063097559d,1306,1213,38,37,18,86,2,0,0,60
ad58d8c6-3f03-4d14-b670-cff5279ee563,1014,951,13,32,18,78,2,0,1,60
ad9a3625-59e0-4676-bf68-9e50ded450b4,2556,2443,35,51,27,171,1,0,1,60
adab7ab2-e866-49a3-8dbb-a3db4d4c17a0,982,919,22,26,15,64,1,2,0,60
ae6edb62-d254-44e7-a541-adb53f633d91,2978,2843,48,50,37,209,3,2,0,60
aec6ecb1-fe71-43e0-a2b1-e11ac3f91b96,1338,1196,60,42,40,61,6,0,0,60
aee604b3-1fa0-4ae5-9245-e3b0638f150c,1235,1151,26,29,29,89,0,0,1,60
af45b345-9eea-4341-bb26-5524594ab0b0,4246,4134,45,41,26,372,0,1,1,60
af641f10-26b6-4853-b84e-5920ed3c4043,1920,1841,29,26,24,174,5,2,1,60
af7299e6-6531-4fa9-9f0d-c93cc08efda1,213,196,10,5,2,7,1,0,0,60
af7927ce-e8ae-4eee-bcd7-7804df703a34,5770,5495,73,136,66,398,2,3,3,60
af8ac002-ce4c-4ec1-b556-6c3ec7533e9e,5364,5206,51,67,40,325,9,0,2,60
afba6d10-c37b-4718-88e2-8b191d112cac,1051,1006,13,24,8,43,4,0,0,60
afe857e6-be45-4319-a32b-18258050f239,392,372,13,2,5,21,3,0,0,60
b0600243-5d43-4d65-b477-c072a13db034,0,0,0,0,0,0,0,0,0,0
b10573f5-b604-442c-8ba1-dac7deafbe61,2145,2051,27,44,23,90,1,3,0,60
b1dfe831-d0bb-49ef-a39c-48b26a3f1289,0,0,0,0,0,0,0,0,0,0
b1f6e978-3765-46fe-9bb4-38725b91f19b,1704,1591,42,44,27,63,0,1,1,60
b241d8d0-aae6-4f2f-8274-c13fae383add,1234,1199,14,12,9,78,2,0,1,60
b27da253-ae36-416a-aa8b-ee13255cf506,906,885,2,10,9,19,0,0,0,60
b295b47a-6ece-495d-a5e4-27a25b7a233e,3570,3295,94,111,70,301,3,1,0,60
b2afd792-0068-4e08-9518-ef5132a290d3,2736,2486,96,99,55,145,4,1,3,60
b3eb75cd-dc99-4fc5-bc25-4750b94ee97c,2240,2146,31,37,26,83,4,0,0,60
b3f9d2ae-59ae-4cc3-be54-bf9e4507084e,1208,1040,63,60,45,79,2,3,1,60
b44e3efb-87a4-4c39-9ff3-c6cf169d42b7,4829,4695,48,55,31,345,9,1,0,60
b4a1fdfd-2d9c-44e8-b85f-def6c40c5966,475,460,6,7,2,26,0,0,0,60
b4fd6d13-c36f-477a-8331-dd70315b87d4,828,776,19,23,10,44,0,0,1,60
b579102a-251f-4ea1-a20c-f1f3e4ba8f61,827,809,7,6,5,62,0,0,0,60
b5820c9b-9df0-4723-827f-720ff8724371,215,209,4,0,2,24,0,0,1,60
b5e68ca1-79d9-4d20-a413-7bbf8f79f965,4854,4617,55,98,84,223,8,2,5,60
b5e693df-7af5-4c82-99f0-12b718f8f695,5816,5518,102,110,86,463,3,3,0,60
b62e46ca-01cd-4a10-b2b0-03b878396252,1475,1309,58,64,44,68,5,0,2,60
b658b9bd-0dbe-445f-9d69-7b660af76843,2575,2445,48,46,36,175,2,0,1,60
b6669221-b637-41e3-b4a5-348f015c83aa,1193,1064,60,48,21,86,1,1,0,60
b73a5fa2-3697-474f-b8fb-228920266131,957,872,33,39,13,72,0,2,1,60
b76e7111-bfa8-4513-a59e-a038b491447e,1682,1547,73,31,31,53,0,0,0,60
b7831572-4170-46b6-bce6-2c4130062c70,0,0,0,0,0,0,0,0,0,0
b7bfb11a-a17b-4049-90c6-97b6a57ccd73,6719,6329,155,123,112,438,5,4,1,60
b7f8d61a-c7cd-4bea-88aa-3247cb353466,3259,3036,100,78,45,224,14,1,5,60
b8562e1e-caaa-4ef2-b739-64e2251888df,1275,1241,12,12,10,74,2,0,0,60
b8879052-1855-48b2-b3de-2f433bba512f,0,0,0,0,0,0,0,0,0,0
b8cdc3c1-2367-47c3-a36d-d24e2e34bc13,1231,1161,24,27,19,76,0,1,1,60
b917d1dd-c041-438e-916c-11b94f469f81,4158,3996,68,54,40,304,7,0,2,60
b9296371-b2be-4add-8a93-ec79717d8944,2467,2338,41,54,34,96,6,3,1,60
b9317718-4fdb-4a69-b824-5b62a2c22f2d,819,793,10,7,9,72,0,0,0,60
b9334245-58e0-4d5d-a5de-ac6c3044837f,599,553,27,7,12,35,3,0,0,60
b939ce23-c7f8-4a0e-bccc-c42b2b102d98,677,638,19,13,7,21,0,0,0,60
ba0e8857-4c8d-423a-b165-e6ec927eb40a,1024,958,37,19,10,108,10,1,0,60
ba0fe29a-0563-48f6-b027-7e9233df5aa7,2755,2634,38,35,48,200,3,0,1,60
ba54ca74-093d-4950-8c98-6ffc415e755b,325,311,0,10,4,27,0,0,0,60
babcfa36-bd15-4dbd-a655-d2e6adcea977,3111,2999,47,46,19,255,6,3,0,60
bba2c8e0-fba5-4672-b243-b908c2e428c8,1718,1661,23,17,17,130,6,1,0,60
bbcc9f9f-ade7-4d9f-9c6d-8dea89f88213,244,234,6,4,0,10,0,0,0,60
bbd803c5-52bb-4b20-a088-8fa923464616,961,871,31,40,19,65,0,1,0,60
bcab0ef6-b2bf-4196-b572-57ffcea8e35c,1084,1023,22,28,11,65,2,1,0,1
bcb2aedd-c4d5-486d-a5f8-cc8f301f5eb6,1308,1257,20,17,14,97,0,0,0,60
bcd55081-84c8-4224-b7d0-09ea4eb7d668,1789,1666,41,46,36,61,4,1,0,60
bcfd4a70-d023-4be8-bfa3-5bf2670b9e89,1485,1420,21,35,9,134,4,1,0,60
bcff66ef-2205-4900-bcf2-ecb69c43f4e2,803,761,7,13,22,25,1,1,0,60
bd189341-b98c-4208-bce7-5e967fb69f10,2413,2247,59,78,29,130,2,0,2,60
bd1c92f7-32fb-4c7a-acb9-fb2595e1eeb8,2759,2676,23,41,19,186,3,0,0,60
bd1dff69-33c6-4ad4-afa0-d0d55c3aab57,9489,8696,279,343,171,375,18,8,4,60
bd36222c-71e4-4c34-9665-c5fcc95c46a8,822,766,23,23,10,59,0,0,0,60
bd577bc2-899b-4f14-8268-98be9a844ca1,1432,1379,19,19,15,79,0,0,0,60
bd74aafc-2b72-4c98-9b3c-4e6b618b3b9f,1583,1532,18,17,16,121,5,1,0,60
bd97a6d8-1cbc-47db-a9a1-148a97603b27,2067,1980,25,43,19,163,5,2,0,60
bde1c053-28ca-4efe-827b-91e9ca0f26f9,1405,1365,10,21,9,27,0,0,0,60
bde4891a-c2e8-45af-9e38-af8bb1a4772b,3625,3365,117,93,50,232,2,2,1,60
be88da4a-b105-45ef-98ef-42959cb68902,1057,1027,11,14,5,103,0,0,1,60
beb36da2-a57b-46f8-b5f2-8ea2b3bcb96c,5191,4988,69,71,63,351,7,2,3,60
bed23ed4-bd89-40b2-80a0-9224c6783404,0,0,0,0,0,0,0,0,0,0
bef3b8a1-a6cc-41b9-b4c9-5f1a6bfae7a5,910,875,11,10,14,78,3,0,0,60
bf172e6c-8f22-44fd-8eab-bacaead02a62,5520,5225,93,127,75,246,16,8,4,60
bfc2d3eb-c7d0-4a2f-99f6-b8fdafac782c,0,0,0,0,0,0,0,0,0,0
bfce3393-678a-4ee1-8c35-fa953ed98c69,3151,2978,56,64,53,197,9,5,3,60
c0302f1e-9f2d-4eb2-8fc4-ba3b8606b791,8864,7967,368,346,183,584,34,11,9,60
c065d584-067f-4328-83fb-bc8c26d24f5e,178,163,2,8,5,8,0,0,0,26
c09c455c-faff-4a3e-af34-00a782953f82,1684,1439,128,75,42,86,2,1,0,60
c10010ce-dd3f-4a3f-9744-a4e7f12bf38c,5630,5322,100,119,89,341,23,3,2,60
c10dc645-5fe6-4fbe-9e33-343419a72a8e,1512,1415,39,33,25,89,8,3,0,60
c16fbe7d-19a9-4c5b-be1e-05a3d6f1fd61,15467,14835,212,230,190,944,5,5,2,60
c1ce15c8-5e3b-4ce4-8c9e-f164db4cae28,1506,1382,42,51,31,80,1,2,0,60
c1e7d2a7-9929-41a4-ac17-935c84a00a2b,0,0,0,0,0,0,0,0,0,0
c2df987e-e177-44b1-bb12-faa378d0fae2,0,0,0,0,0,0,0,0,0,0
c2f268aa-286b-444a-8585-6eaa70409d60,3097,2922,79,60,36,160,1,3,2,60
c38b6f65-c097-456d-8ddf-600ea7353fdf,1298,1189,40,37,32,81,5,1,0,60
c3a45336-374a-4139-b720-8b57dfd9a46c,327,324,0,2,1,11,0,0,0,60
c41a8860-91ae-48f0-9ebe-13db0c7b0bdf,1459,1386,27,21,25,70,0,0,0,60
c4728cf2-c466-4196-964e-65f1756bd1d7,1299,1218,19,39,23,60,4,1,0,60
c472b23d-11c4-428e-825c-772283a6bc68,1151,1118,3,16,14,88,0,1,0,60
c4896a5e-ab9f-4678-999f-355558c8d09b,1335,1285,22,18,10,89,5,0,0,60
c491a823-3664-439c-9793-5ac574a39370,1277,1199,35,23,20,83,0,0,0,60
c493fa1a-629b-4836-a987-f6f2198108db,8211,7780,140,181,110,393,3,4,2,60
c49a6f44-e0b7-467d-91df-bbdb40fe6588,0,0,0,0,0,0,0,0,0,0
c53bba7c-19dd-4fd1-a8fa-3414fc28114e,21125,19929,444,463,289,1335,15,6,3,60
c548b32f-c12b-4d24-b8ee-5d88899bdc08,8023,7806,75,95,47,407,9,1,1,60
c5d0e7f6-3b68-4971-b949-02601b046236,2773,2658,34,47,34,186,1,0,0,60
c5d5b90f-a809-48ff-a52e-f64e4ad80d75,1529,1398,48,51,32,104,6,2,4,60
c6308f3d-a560-44d6-bc7c-afbfd29fd8e3,6092,5776,94,113,109,390,11,4,4,60
c6970acc-bb32-4672-83ac-4f3da8e372f7,0,0,0,0,0,0,0,0,0,0
c69829ab-fd31-4e90-9321-d57582fb3834,1341,1284,17,18,22,85,2,1,2,60
c6c0f173-d087-4e83-8a8f-c0d9a6b11d2f,1418,1253,69,75,21,91,7,3,0,60
c6df4418-49bb-4112-bae5-cfd4ee02fcec,4516,4249,96,121,50,260,9,0,2,60
c6dff966-1dbf-437a-b52b-87743e0341cd,2086,1963,46,42,35,142,3,2,0,60
c70b5cab-29c9-4112-bbff-d4098a2c51e9,2438,2321,32,44,41,212,2,0,1,60
c722210c-eed8-4a7f-86b2-7cc866b251c7,1164,1090,20,35,19,70,0,1,0,60
c74d3f43-82c0-446b-920d-fa4c47e602ef,5331,5008,122,118,83,349,3,4,1,60
c773bd18-615f-4e84-9334-867dedac6299,1186,1034,64,72,16,28,2,1,2,60
c7c4f30b-b8d4-4656-8992-86c5377d0eaf,442,428,3,4,7,28,1,0,0,60
c871fddd-014a-46f9-b6a7-2ad7c3bdd12d,3055,2950,41,27,37,216,2,1,0,60
c875cdf8-3a64-4a66-b378-d5a724d0aa3a,4785,4399,125,201,60,313,26,6,2,60
c88b27e3-7dbe-4d7b-b2d2-063be1f3a825,11276,10746,180,202,148,699,1,0,3,60
c8bf2ff0-ed47-426a-af7f-0398e1094c3b,3320,3182,33,63,42,213,2,5,3,60
c8ddb154-fb40-4b0c-bf3f-fcf268643497,1827,1749,24,27,27,105,1,1,1,60
c8f13020-bb1d-4e0e-9c59-248c917b5f05,2099,1966,44,49,40,123,6,0,2,60
c8ff738d-d4e8-40c1-a044-774588264ef8,0,0,0,0,0,0,0,0,0,0
c9be8afd-5d1f-4ff6-8cb6-2a040e70be48,4234,4050,62,84,38,294,1,1,0,60
c9e935bb-664c-4180-9592-65fd565de13b,1694,1654,10,11,19,72,0,0,0,60
c9fe3bd0-e132-4fac-a660-5f93b6948adc,2269,2179,39,37,14,164,5,0,0,60
ca50d6af-29e0-4048-9113-f426543a4e87,6677,6335,128,109,105,475,15,5,4,60
caacf119-8ffb-4088-9a1a-81c299087962,207,200,5,1,1,10,1,0,0,60
cb288878-a21c-4fad-96c3-62ef8e259522,802,748,17,14,23,35,0,0,0,60
cb9012c5-8fe9-4d5d-a355-55bd5201aac9,6031,5721,106,133,71,499,4,4,1,60
cca995ae-7e04-436c-a477-217904af302e,2923,2700,112,58,53,174,15,4,2,60
cd1485ee-40b5-42ef-9d57-a8dec3bc217f,971,906,34,18,13,73,1,0,0,60
cd2845cb-eb66-4b2f-970b-70d31ca6d417,3379,3089,127,97,66,129,11,3,1,60
cd6dbb6d-578b-46dc-b7e0-a389773f0301,2878,2768,41,41,28,258,3,1,0,60
cd74c966-2353-4d19-8d8c-7b196a4a588d,3850,3696,56,58,40,281,1,1,1,60
cd9f223d-bb03-4fa9-9e6c-a713b8aeb177,2448,2292,48,72,36,137,6,1,0,60
cdff529c-ef86-4ad2-9fbf-afd2691e83b2,1668,1475,75,70,48,69,2,2,3,60
ce2eaacd-dd1e-4f8a-89f3-82d26d9a683d,1720,1657,30,13,20,122,4,1,1,60
ce82fcba-3c59-4d81-b5e3-d52f24c0d8a7,1145,1102,18,16,9,89,2,0,1,60
ce8dd410-885d-453d-a2da-e0d0daca1223,202,194,3,3,2,13,0,0,0,60
cedf2cca-cb44-4500-8192-ebe6bd0d4151,1210,960,113,99,38,47,11,0,2,60
cf3918ec-bd15-4583-9a9f-d12d132309cf,1780,1691,28,45,16,126,3,0,0,60
cf391ff5-c60f-4493-a867-321e95d75c62,1065,1016,9,22,18,61,4,0,0,60
d0164acd-d346-40ae-bc25-0d78a653257a,3821,3380,163,160,118,250,17,4,1,60
d0335915-5f28-4f47-b7be-e11452b4544e,4418,4070,146,105,97,280,24,1,2,60
d04137d7-0838-44a4-a487-1b336bc6d944,1050,996,10,25,19,54,0,2,0,60
d0d8760b-19ba-411a-95c9-bc638fc13461,1027,939,27,28,33,61,2,2,2,60
d113eeed-38a3-4d17-bc31-90408616a6bd,1022,935,33,22,32,57,4,0,1,60
d1295c72-3d4b-4ee8-86c8-119237c8b6fc,2793,2631,51,65,46,182,13,1,3,60
d1b75a95-629e-4f08-b593-d714713de312,725,690,13,15,7,59,0,1,0,60
d1cd502d-7537-4576-9bd9-9f36a5f2b5e4,2654,2145,215,195,99,132,3,8,1,60
d2614f2b-de86-4f9e-ab3b-dbc81128184e,2390,2170,81,87,52,163,7,2,1,60
d2d692c2-0d5c-4bbe-93d3-cf96db111360,262,259,0,2,1,18,0,0,0,60
d3acb037-905f-472d-ad36-537b34861edb,622,575,16,23,8,44,0,0,1,60
d3d7835d-4693-4f96-98c3-179d3c42eca2,3830,3627,66,106,31,184,9,2,1,60
d3d84f88-399c-40ad-9732-2ea6d57afb23,717,678,18,15,6,23,1,0,0,60
d401aa02-89c7-443b-b9cc-0df985598e24,1081,1009,31,28,13,76,7,3,0,60
d4200ba9-e191-4cf8-a1e3-83d57992e9be,1915,1871,13,23,8,92,1,1,1,60
d4337a97-ff2f-4d22-91e1-aee1c0dcc1d7,771,741,7,13,10,44,1,0,1,60
d435a222-27ba-4d43-9179-d01265b364a3,2241,2073,64,72,32,178,0,0,1,60
d4c03b2a-8164-43f6-ad3f-af23e83bd812,616,597,2,10,7,39,0,0,0,60
d4e21774-d368-4a4d-a7cf-5d74345a2a3b,1071,988,29,30,24,33,1,0,0,60
d574f7ca-51f4-4f75-95ce-67e71567847e,2614,2504,34,52,24,179,5,2,0,60
d57fdfb3-e560-4725-bc01-16df4cb62f1e,1953,1876,26,36,15,129,0,0,0,60
d600461c-b8bb-4815-b322-f4d754c1f69a,3682,3526,57,64,35,271,7,2,1,60
d61636e3-94c4-489f-bbdb-993aba2ee278,827,791,10,5,21,63,0,0,0,60
d63d2b1d-aab2-4a6b-bdf0-aef2e05ec87b,3860,3636,68,83,73,258,5,4,7,60
d66ff8df-d7a2-4f7b-8a2b-f401ce721b6d,1428,1303,54,38,33,114,2,2,1,60
d682a77f-26dd-4738-b14a-6ce878bc0d41,4108,3927,54,68,59,165,1,1,1,60
d6bb51b9-9ced-4324-a0bc-77497cadf17a,3519,3395,32,61,31,238,1,0,0,60
d6d80ad0-ab28-45f6-844c-18569c14a971,1731,1692,6,17,16,128,0,1,0,60
d741f85b-4281-40dc-95c5-2a2d9df5539a,2120,2037,24,32,27,131,1,0,0,60
d7905bb1-6de2-4897-82ea-6a85ed76f170,1057,1038,7,7,5,61,0,0,0,60
d7a04911-f261-42c8-8ea7-f2cdbc245fa6,1760,1600,53,59,48,87,0,1,2,60
d7c69b18-6aa1-4d54-96d4-7c428d140a50,2324,2260,15,38,11,75,0,0,0,60
d7ceefac-0170-4b3e-944d-f01f72ff3c54,3087,2911,63,85,28,210,7,3,0,60
d7e8f913-cbac-459a-b8bd-e732c48d45e4,2062,1763,117,113,69,100,3,2,0,60
d7f9135a-3c9d-4ed0-844f-059fe2b0de5b,1698,1643,11,23,21,112,1,1,1,60
d841dd5d-7943-47ea-bb86-808968f46f4b,1035,979,22,21,13,91,0,0,0,60
d87e9802-438b-49bc-8a53-51943cc0f7f3,1960,1803,67,41,49,105,5,0,2,60
d8b08a35-a3f6-405e-8fbe-8328fd4c029d,886,824,21,25,16,56,4,1,0,60
d9bf3b4a-14cc-4c4e-a0d5-ac1795c9f904,2524,2235,82,135,72,141,3,4,1,60
d9c7ff7b-79a4-49d3-91f6-dece64c9ad5e,3720,3587,39,54,40,217,5,1,2,60
d9f4217a-fff3-4682-a408-3fcf2884cc62,0,0,0,0,0,0,0,0,0,0
da28b129-efc5-4085-a5b1-9b36e53bf811,3805,3617,73,71,44,271,2,2,0,60
da4b6af2-69ad-4da1-a81a-d90567513bac,2614,2508,37,36,33,185,4,0,1,60
da64608e-f805-457b-8947-13f6f3c0f5de,3346,3156,74,78,38,226,0,2,1,60
da889579-2708-4c56-aaa9-7df503fc5947,1960,1670,87,133,70,119,1,4,2,60
da99531b-954d-4610-bc99-c7cfff699fcf,7206,6983,79,91,53,562,14,5,4,60
dace0e20-795a-4f5e-9dd9-831879c3f99d,379,372,1,6,0,31,0,0,0,60
db8e6620-7737-4904-a094-8300bc89731f,2567,2254,136,106,71,182,19,2,2,60
db91e4dc-87ce-4682-ae85-927eab66583a,1812,1712,40,40,20,95,1,0,0,60
dc365c6d-3551-4f74-997c-5a61ce17a501,2527,2407,42,54,24,189,5,2,1,60
dc98d6fa-b2e5-4249-9ddb-45ebb8157702,1509,1444,27,30,8,108,1,1,0,60
deb4607e-9879-4f46-8c39-ce16254d0813,2342,2252,31,33,26,168,8,1,1,60
dec53b85-51d4-4020-8c34-e3e68a75d34f,756,715,18,19,4,27,1,0,0,60
deee30d9-417d-4100-976e-3a2575b91d7e,357,329,11,5,12,12,0,0,0,60
def79f2b-16e1-4566-a961-2815ba1f866d,1905,1847,16,31,11,114,3,0,0,60
df148846-195f-49a0-bd7e-843ba8b80552,32491,30649,648,761,433,2262,25,15,9,60
df38092c-5c4f-4458-8951-dcdfea11ce40,0,0,0,0,0,0,0,0,0,0
df522642-8750-443e-8678-6f5aea5bba04,1630,1559,28,23,20,75,2,1,0,60
df5cdd6a-015e-4a14-b408-33a98613c4cc,1274,1219,16,29,10,86,4,1,1,60
df95fb4c-f0a5-42ae-8b9f-0556f8107d7a,556,508,16,22,10,22,1,0,0,60
e00d4d6b-9dfb-4238-9759-93c5787cf1e5,1408,1265,60,58,25,94,3,3,0,60
e05a4fa5-c9ef-4172-92ff-4c2313f37bd0,3174,3041,48,46,39,220,1,1,2,60
e09aa218-1668-413f-b34e-ce61ea78c14f,873,830,18,17,8,74,1,0,0,60
e0ed61b5-fa68-432e-a787-24db346e1b0b,0,0,0,0,0,0,0,0,0,0
e0f2909f-ef2d-4d8d-ab9f-61b9f9779114,1732,1615,35,43,39,116,4,0,1,60
e0fd54ce-bb70-4ff0-864f-492bc0ef9b3f,2256,2057,76,69,54,176,2,2,0,60
e2a395bb-2693-4196-aff2-1394ffea5eaf,4666,4475,63,77,51,263,0,1,1,60
e2f20994-8343-4cf8-bf3d-e672e35530cb,6788,6430,141,132,85,451,20,1,3,60
e31b47cd-62bd-4501-8c1c-652e196f4e7d,1579,1538,14,19,8,45,0,0,0,60
e32c50b4-96d2-4d84-9c8b-b73b980c485b,1192,1134,23,19,16,89,4,0,0,60
e34c667c-0997-46af-a0fb-8fa7d65554d4,2823,2713,43,47,20,223,2,1,0,60
e3868653-4036-47a3-be79-7abd6933bb5b,768,718,12,25,13,52,1,4,1,60
e39d285e-fa87-4973-ad55-d631f3746405,3424,3215,81,69,59,237,3,0,2,60
e3a5c4f1-2bdf-4337-a8c3-47dc1c59fa35,3270,3075,68,74,53,266,3,6,1,60
e3e31c8c-659b-4ccf-a903-11a4c6aead4f,1201,1147,9,32,13,78,1,1,0,60
e4578284-2c29-41cd-9298-8e2ba5bb2658,1021,932,53,25,11,33,1,0,0,60
e4c1af07-1abb-4feb-82b6-81481a45347d,217,209,2,5,1,21,0,0,0,60
e4f534e7-5f64-49f3-b4f6-ab3f8e2d3ffe,1653,1229,162,172,90,91,8,3,2,60
e4fa2c1b-248f-47e9-a5bd-a1e722879260,1210,1147,23,21,19,54,1,0,0,33
e530db0e-9bb2-4b25-8dfb-4774bf28cc9f,1646,1321,123,127,75,36,3,3,1,60
e573ed6c-c68d-41b2-8634-78d76b2d0306,0,0,0,0,0,0,0,0,0,0
e5bbe92b-1cd8-4b13-a1d8-598977dbfec9,1782,1682,42,26,32,141,7,1,0,60
e5d5a957-62bf-47e6-97d4-7ee9b8522af9,10700,10153,186,212,149,784,23,8,6,60
e6351a88-4462-4bfc-b1de-d438b4ff2827,799,724,25,28,22,56,2,1,0,60
e6a0641c-3391-41ee-8942-3e53b2dda746,218,214,0,1,3,20,0,0,0,60
e6a42027-2feb-4bec-a7c6-c1b3bd5cdf69,2338,2224,37,45,32,254,3,2,0,60
e6da9fb2-ba96-4ade-8de8-5efa0212bbfc,26415,23027,1358,1124,906,1704,55,25,32,60
e6dfd75b-6735-4e9b-a9af-277e43cabcef,1943,1812,43,48,40,94,2,2,2,60
e80fd099-2667-46ab-86da-992936b04f59,0,0,0,0,0,0,0,0,0,0
e8fb0af5-9fa5-42ca-95ba-cce891f0a6db,21265,20509,257,277,222,1462,8,2,3,60
e988cccc-4d0e-4381-8b38-1dd5dcbb44a2,2481,2378,41,37,25,152,1,0,1,60
e9a2b10a-0ec5-4b7e-a233-f1561e4f3eb0,1386,1241,67,46,32,93,10,2,0,60
e9bd09af-76a5-40b3-8343-c800ec0dc965,2882,2723,51,67,41,211,11,4,3,60
eac44fd1-8988-4b1a-bd02-ef3268c12aee,0,0,0,0,0,0,0,0,0,0
ead56e25-9b68-4a17-8582-9bc71899b500,4755,4316,169,181,89,342,21,7,1,60
eadcec83-a5ac-4d73-b565-d0938ac76365,4401,3789,269,226,117,239,12,4,2,60
eb23600d-4401-4ef4-8b86-ee19c1a5ce95,212,204,1,3,4,16,0,0,0,60
eb554bbe-31d4-47b3-b589-d7a8fd05d9c5,3461,2904,219,206,132,308,36,7,6,60
ebde9f0b-8fc3-45f2-ba2b-64f7c067ab25,1721,1621,40,40,20,152,2,0,0,60
ec0252d9-299d-488b-9b61-6bb2bab0e5c9,513,475,24,5,9,45,1,0,0,60
ec725902-ae3b-4286-bf51-cb056f0e717a,1566,1518,12,22,14,96,0,0,0,60
eca8760c-08f5-4388-b9d4-9ec016dc1dfa,2053,1889,60,69,35,111,7,0,0,60
eccde4e3-3748-4741-b969-39d8a2f45d74,1919,1772,45,65,37,147,0,1,0,60
ecd2f69b-386f-4c4c-9a8d-165e4386a484,344,315,11,11,7,17,2,0,0,60
ecffcbe7-d71f-48d8-8500-b6835d55ed26,902,870,8,10,14,49,0,3,0,60
ed0e2cf9-c8b1-48a0-ac29-797ff47ac924,891,842,12,23,14,48,0,0,0,60
ed107dc1-87c3-42f8-88f4-134fea93d28e,2570,2434,51,59,26,215,13,2,0,60
ed783fca-e52a-48d2-a48b-0444d1bae2c8,2483,2216,111,96,60,170,13,2,3,60
ed936d19-1830-4031-a875-795a2e26569d,0,0,0,0,0,0,0,0,0,0
edd72109-5ce9-4fcf-83dc-39337e01e080,5516,5242,107,103,64,388,6,1,1,60
edd9448a-e688-4a32-a6ca-b58c5b42b9ed,5148,4929,70,97,52,353,10,1,1,60
edff2aa5-68f8-4541-9361-4357fee53975,1353,1304,12,22,15,68,3,0,0,60
ee6a3ecf-8506-48e9-ad92-a9653fe309f5,2114,2002,51,37,24,87,2,0,0,60
eeb28c6e-37c2-45d3-b6c9-0fce1f9f17d3,978,950,5,13,10,29,0,0,0,60
ef08f8e0-a3f3-4fa8-aa37-481e8dbf1ac3,0,0,0,0,0,0,0,0,0,0
ef448d3d-cd1e-4ff8-96e7-ea987960d5be,788,758,8,15,7,55,1,1,0,60
ef4d92b1-6c60-4de7-aa4a-478ec153f157,10057,9375,273,279,130,679,12,4,5,60
ef80362e-9b06-43ad-8de8-dfbeb16bbf24,1698,1615,36,30,17,97,9,1,0,60
ef8ecef9-0e1f-4705-bc73-7f8dd348aa7e,2278,2215,25,23,15,123,2,0,0,60
f017f1cc-24d8-42ea-9b32-cdf9b43eb29d,2717,2515,67,82,53,175,3,2,4,60
f065c200-43fa-427f-88d4-18ae3240810c,5171,4967,80,65,59,384,1,2,0,60
f07d9390-9103-4023-9a03-eaace89f1487,1366,1337,5,16,8,36,0,0,0,60
f0899c37-f338-4bb4-a068-7346dfa9e9d3,1286,1166,50,56,14,78,3,2,0,60
f09d80ca-eb84-480a-bd69-759269bf62e2,273,264,4,5,0,22,0,0,0,60
f0a50109-b479-448d-a533-41f261b8d847,997,941,15,28,13,44,0,1,0,60
f0c4b8e4-3ea8-4493-be07-95d8e1a9992a,6061,5834,80,101,46,466,4,3,0,60
f0f1b9b9-e349-4adf-b50e-3fd66cb1b62d,3511,3421,32,26,32,277,5,0,3,60
f1305d7e-e2dc-4b5b-8b21-b1c29184d029,3507,3380,30,59,38,306,0,2,0,60
f13451ee-34aa-4e98-899e-b8f39754f096,2122,2024,43,33,22,160,1,1,1,60
f1567c29-2f08-4ae0-9c88-bac448ec057c,8557,8056,146,212,143,453,2,8,2,60
f1d6e872-ef0a-4937-a702-b4a6d0bd2367,1380,1312,36,20,12,59,1,1,0,60
f2b2b8d2-b179-4965-86aa-0da88d162d6e,1472,1396,21,32,23,101,5,0,0,60
f392693b-49c7-4d87-bbb3-057f33b5c141,1754,1627,36,63,28,122,4,0,2,60
f3bfc7b7-8694-4a88-93fd-50239a9d522c,1558,1513,14,17,14,85,1,0,0,60
f4a78bda-a368-4725-bb85-e95e28d595bb,1265,1205,25,22,13,78,2,0,0,60
f517fd58-6262-41fb-b904-ea9deb374679,2540,2265,115,102,58,176,3,3,2,60
f543b580-9866-4398-be8a-775ffae5f760,6048,5705,118,150,75,360,10,6,1,60
f5668f26-4e7c-461d-b58e-4aeaf91e9160,2280,2079,70,81,50,117,1,2,2,60
f57a5d32-9b80-4261-b74d-28e29e0250cc,6851,6646,69,83,53,562,9,4,5,60
f5bd19ed-5e32-4079-a1dd-9a93e2ad4053,1405,1301,38,55,11,39,2,0,1,60
f6351a49-5a38-4139-ac55-b8c0fb7b3629,1564,1485,21,43,15,103,3,2,2,60
f65eb415-63b4-48bb-b52c-2bc159f6e5bb,1878,1794,27,38,19,135,2,1,0,60
f68d61e3-0598-4dad-9c4d-e03e6950fe88,6003,5818,55,72,58,382,0,1,1,60
f6d6c8ea-f679-4bf8-a382-c862c38f1874,957,901,20,18,18,74,4,0,0,60
f6f9249a-c5c1-4c5f-a674-66b0debec3c9,2612,2506,36,46,24,218,0,1,0,60
f71ffe7e-6852-41b1-914c-77f5b01d9494,292,275,8,5,4,19,0,1,0,60
f78653f8-893e-41ff-95a8-45a6650fe64b,7154,6864,115,110,65,555,18,2,3,60
f79be672-ce09-4e3b-b46c-32973b4d472d,831,802,12,7,10,63,3,0,1,60
f7ae3d98-7fe2-4133-9c7c-57db4f29633c,1938,1849,42,34,13,93,0,1,0,60
f7fa31d9-f057-4b9c-ad3d-0cc35bfb414c,1654,1595,20,21,18,110,1,0,0,60
f894b1f0-cfe2-4662-86cc-30c28edd6d72,556,526,8,16,6,50,0,1,0,60
f8af240a-fc1c-44fb-8373-f311c0005dd1,1372,1332,13,19,8,107,0,0,0,60
f906f7fa-a576-476f-92a8-13314e2a0bc4,1048,902,63,65,18,69,4,2,0,60
f9189050-7460-416e-9f96-d700b8af137a,2433,2309,45,46,33,186,2,0,0,60
f91c4a59-02e1-4310-8c5a-e0cdca8f9562,1263,1206,24,20,13,64,2,0,1,60
f96818ba-70f9-4ba3-b85c-bde401050ffe,2808,2668,55,38,47,103,6,0,0,60
f9d06518-b250-4fcc-bdae-b28d273bf7d7,1637,1582,18,19,18,88,0,0,0,60
fa36e1f1-ef04-4030-a086-ab570494575f,14498,13694,282,292,230,988,5,6,10,60
fa9518a8-657f-428c-9de5-af86c44b4620,846,821,10,3,12,75,0,0,1,60
fab1032f-e7c2-45ed-9b8a-763fc3e5efa9,1077,1046,16,4,11,86,0,0,0,60
fb2c9cd7-4041-4967-b233-56c53a0e613b,0,0,0,0,0,0,0,0,0,0
fb31e67d-a756-4740-9d8a-5ba65a70645c,3895,3771,44,44,36,276,1,1,0,60
fb8f54c8-fc10-481d-815f-245e6f34739e,2915,2737,69,60,49,246,4,2,0,60
fcb61942-bc95-456d-aede-a22baa242c58,0,0,0,0,0,0,0,0,0,0
fccb7c07-ee14-478a-8503-f108ccbb163d,640,608,11,5,16,55,3,1,1,60
fce40a5a-b7dc-42b2-aa13-15fe0bfe8bf2,276,270,0,6,0,13,0,0,0,60
fd7f5f8d-6c7a-4d19-9455-a3bdef0b00ef,5823,5469,104,181,69,502,2,1,3,60
fd877052-ebdd-406d-8604-1212f76c1e2e,584,551,10,20,3,49,3,0,0,60
fde5ec84-1d26-462d-be93-5d68b7b08c68,2021,1888,41,69,23,162,5,2,0,60
fe44fc31-e09c-4d65-8705-cf3fd81bb3e2,909,879,13,4,13,35,0,0,0,60
fe70e8a7-0b33-426c-a13b-3ce3969cd0f4,0,0,0,0,0,0,0,0,0,0
ff998c2f-716c-4447-911d-e9f51f9a8316,1275,1182,38,28,27,61,5,0,2,60
